1,0.58,0.61,0.47,0.13,0.5,0,0.48,0.22,1,
2,0.43,0.67,0.48,0.27,0.5,0,0.53,0.22,1,
3,0.64,0.62,0.49,0.15,0.5,0,0.53,0.22,1,
4,0.58,0.44,0.57,0.13,0.5,0,0.54,0.22,2,
5,0.42,0.44,0.48,0.54,0.5,0,0.48,0.22,1,
6,0.51,0.4,0.56,0.17,0.5,0.5,0.49,0.22,3,
7,0.5,0.54,0.48,0.65,0.5,0,0.53,0.22,1,
8,0.48,0.45,0.59,0.2,0.5,0,0.58,0.34,2,
9,0.55,0.5,0.66,0.36,0.5,0,0.49,0.22,1,
10,0.4,0.39,0.6,0.15,0.5,0,0.58,0.3,3,
11,0.43,0.39,0.54,0.21,0.5,0,0.53,0.27,2,
12,0.42,0.37,0.59,0.2,0.5,0,0.52,0.29,2,
13,0.4,0.42,0.57,0.35,0.5,0,0.53,0.25,3,
14,0.6,0.4,0.52,0.46,0.5,0,0.53,0.22,1,
15,0.66,0.55,0.45,0.19,0.5,0,0.46,0.22,1,
16,0.46,0.44,0.52,0.11,0.5,0,0.5,0.22,3,
17,0.47,0.39,0.5,0.11,0.5,0,0.49,0.4,3,
18,0.58,0.47,0.54,0.11,0.5,0,0.51,0.26,2,
19,0.5,0.34,0.55,0.21,0.5,0,0.49,0.22,2,
20,0.61,0.6,0.55,0.21,0.5,0,0.5,0.25,2,
21,0.45,0.4,0.5,0.16,0.5,0,0.5,0.22,3,
22,0.43,0.44,0.48,0.22,0.5,0,0.51,0.22,3,
23,0.73,0.63,0.42,0.3,0.5,0,0.49,0.22,3,
24,0.43,0.53,0.52,0.13,0.5,0,0.55,0.22,3,
25,0.46,0.53,0.52,0.15,0.5,0,0.58,0.22,3,
26,0.51,0.51,0.52,0.51,0.5,0,0.54,0.22,1,
27,0.59,0.45,0.53,0.19,0.5,0,0.59,0.27,3,
28,0.57,0.47,0.6,0.18,0.5,0,0.51,0.22,3,
29,0.63,0.67,0.57,0.24,0.5,0,0.49,0.22,1,
30,0.8,0.88,0.36,0.39,0.5,0,0.56,0.33,4,
31,0.53,0.54,0.43,0.1,0.5,0,0.57,0.32,2,
32,0.51,0.51,0.43,0.87,0.5,0,0.52,0.22,1,
33,0.38,0.61,0.61,0.12,0.5,0,0.53,0.47,3,
34,0.33,0.55,0.51,0.43,0.5,0,0.51,0.22,2,
35,0.78,0.74,0.42,0.26,0.5,0,0.43,0.22,4,
36,0.74,0.67,0.47,0.34,0.5,0,0.42,0.22,5,
37,0.72,0.61,0.45,0.3,0.5,0,0.54,0.25,1,
38,0.4,0.45,0.57,0.18,0.5,0,0.56,0.26,3,
39,0.59,0.53,0.43,0.44,0.5,0,0.5,0.22,1,
40,0.57,0.53,0.53,0.34,0.5,0,0.53,0.22,1,
41,0.86,0.68,0.39,0.24,0.5,0,0.54,0.22,6,
42,0.86,0.74,0.51,0.4,0.5,0,0.55,0.22,6,
43,0.79,0.57,0.41,0.28,0.5,0,0.59,0.22,6,
44,0.41,0.54,0.39,0.2,0.5,0,0.51,0.22,7,
45,0.37,0.36,0.56,0.18,0.5,0,0.48,0.26,8,
46,0.53,0.31,0.58,0.39,0.5,0,0.47,0.37,2,
47,0.74,0.75,0.58,0.47,0.5,0,0.4,0.35,6,
48,0.49,0.39,0.52,0.29,0.5,0,0.48,0.22,5,
49,0.74,0.57,0.51,0.28,0.5,0,0.58,0.22,8,
50,0.42,0.24,0.34,0.16,0.5,0,0.5,0.22,7,
51,0.48,0.39,0.51,0.21,0.5,0,0.52,0.28,3,
52,0.41,0.53,0.45,0.14,0.5,0,0.52,0.66,7,
53,0.45,0.46,0.55,0.43,0.5,0,0.55,0.38,2,
54,0.56,0.48,0.58,0.27,0.5,0,0.51,0.22,3,
55,0.64,0.59,0.56,0.23,0.5,0,0.46,0.22,3,
56,0.64,0.56,0.56,0.22,0.5,0,0.45,0.22,3,
57,0.66,0.62,0.49,0.1,0.5,0,0.49,0.22,3,
58,0.53,0.44,0.51,0.33,0.5,0,0.55,0.22,3,
59,0.38,0.49,0.53,0.19,0.5,0,0.5,0.22,3,
60,0.45,0.58,0.48,0.67,0.5,0,0.52,0.22,1,
61,0.43,0.35,0.52,0.52,0.5,0,0.54,0.22,1,
62,0.37,0.32,0.47,0.18,0.5,0,0.45,0.25,2,
63,0.48,0.43,0.51,0.32,0.5,0,0.52,0.43,2,
64,0.41,0.46,0.59,0.19,0.5,0,0.58,0.27,2,
65,0.54,0.48,0.44,0.08,0.5,0,0.52,0.27,3,
66,0.6,0.47,0.45,0.22,0.5,0,0.51,0.29,3,
67,0.34,0.46,0.57,0.09,0.5,0,0.55,0.22,3,
68,0.48,0.54,0.55,0.12,0.5,0,0.51,0.22,3,
69,0.47,0.39,0.59,0.15,0.5,0,0.57,0.22,3,
70,0.81,0.85,0.47,0.37,0.5,0,0.56,0.22,5,
71,0.48,0.42,0.52,0.24,0.5,0,0.56,0.22,3,
72,0.58,0.51,0.49,0.27,0.5,0,0.57,0.29,3,
73,0.6,0.5,0.44,0.61,0.5,0,0.47,0.22,1,
74,0.45,0.55,0.54,0.66,0.5,0,0.47,0.22,1,
75,0.46,0.49,0.58,0.23,0.5,0,0.44,0.22,1,
76,0.49,0.42,0.56,0.55,0.5,0,0.42,0.25,1,
77,0.63,0.53,0.54,0.4,0.5,0,0.5,0.22,1,
78,0.5,0.54,0.53,0.54,0.5,0,0.51,0.27,1,
79,0.63,0.57,0.59,0.4,0.5,0,0.38,0.22,1,
80,0.43,0.57,0.51,0.49,0.5,0,0.48,0.22,1,
81,0.48,0.45,0.55,0.5,0.5,0,0.53,0.22,1,
82,0.5,0.58,0.46,0.46,0.5,0,0.46,0.22,1,
83,0.51,0.54,0.6,0.57,0.5,0,0.58,0.22,1,
84,0.54,0.52,0.63,0.37,0.5,0,0.46,0.22,1,
85,0.67,0.62,0.4,0.43,0.5,0.83,0.5,0.22,1,
86,0.28,0.58,0.21,0.13,0.5,0,0.51,0.22,7,
87,0.39,0.44,0.35,0.16,0.5,0,0.55,0.22,7,
88,0.8,0.63,0.45,0.29,0.5,0,0.51,0.22,5,
89,0.5,0.52,0.59,0.3,0.5,0,0.51,0.35,2,
90,0.42,0.47,0.52,0.41,0.5,0,0.53,0.32,3,
91,0.36,0.46,0.62,0.46,0.5,0,0.51,0.33,3,
92,0.46,0.38,0.47,0.22,0.5,0,0.52,0.27,1,
93,0.4,0.45,0.56,0.2,0.5,0,0.45,0.22,3,
94,0.33,0.43,0.64,0.16,0.5,0,0.52,0.52,2,
95,0.49,0.61,0.49,0.25,0.5,0,0.5,0.28,3,
96,0.38,0.5,0.37,0.26,0.5,0,0.43,0.22,7,
97,0.69,0.7,0.52,0.36,0.5,0,0.46,0.22,5,
98,0.61,0.72,0.39,0.33,0.5,0,0.58,0.22,1,
99,0.78,0.75,0.4,0.28,0.5,0,0.53,0.22,1,
100,0.64,0.57,0.57,0.27,0.5,0,0.37,0.22,3,
101,0.36,0.58,0.35,0.24,0.5,0,0.44,0.22,7,
102,0.36,0.43,0.39,0.12,0.5,0,0.49,0.22,7,
103,0.47,0.52,0.5,0.4,0.5,0,0.41,0.22,3,
104,0.48,0.23,0.57,0.27,0.5,0,0.48,0.47,2,
105,0.47,0.39,0.55,0.24,0.5,0,0.47,0.22,3,
106,0.44,0.59,0.36,0.16,0.5,0,0.52,0.22,7,
107,0.42,0.35,0.54,0.18,0.5,0,0.56,0.22,3,
108,0.3,0.56,0.55,0.18,0.5,0,0.5,0.22,3,
109,0.65,0.65,0.52,0.16,0.5,0,0.6,0.22,3,
110,0.27,0.6,0.48,0.23,0.5,0,0.55,0.22,3,
111,0.45,0.41,0.5,0.46,0.5,0.5,0.5,0.27,9,
112,0.44,0.52,0.41,0.23,0.5,0,0.51,0.22,2,
113,0.3,0.32,0.57,0.19,0.5,0,0.48,0.55,2,
114,0.4,0.44,0.49,0.47,0.5,0,0.49,0.27,2,
115,0.45,0.51,0.5,0.16,0.5,0,0.52,1,2,
116,0.45,0.45,0.5,0.6,0.5,0,0.49,0.22,1,
117,0.59,0.67,0.56,0.41,0.5,0,0.47,0.22,1,
118,0.47,0.47,0.57,0.48,0.5,0,0.48,0.22,1,
119,0.35,0.52,0.48,0.22,0.5,0,0.26,0.22,1,
120,0.47,0.41,0.66,0.26,0.5,0,0.53,0.22,1,
121,0.64,0.62,0.29,0.28,0.5,0,0.51,0.22,1,
122,0.55,0.53,0.55,0.46,0.5,0,0.52,0.22,1,
123,0.67,0.62,0.54,0.43,0.5,0,0.53,0.22,1,
124,0.59,0.6,0.49,0.43,0.5,0,0.53,0.31,1,
125,0.54,0.55,0.34,0.31,0.5,0,0.54,0.22,7,
126,0.58,0.62,0.54,0.17,0.5,0,0.48,0.22,1,
127,0.4,0.38,0.53,0.16,0.5,0,0.52,0.27,2,
128,0.46,0.71,0.48,0.53,0.5,0,0.53,0.22,1,
129,0.53,0.51,0.55,0.05,0.5,0,0.45,0.25,2,
130,0.41,0.4,0.59,0.47,0.5,0,0.48,0.43,3,
131,0.5,0.64,0.57,0.15,0.5,0,0.47,0.22,3,
132,0.4,0.62,0.52,0.31,0.5,0,0.49,0.31,3,
133,0.6,0.5,0.57,0.25,0.5,0,0.41,0.26,3,
134,0.62,0.51,0.52,0.42,0.5,0,0.54,0.27,2,
135,0.35,0.58,0.54,0.16,0.5,0,0.51,0.22,2,
136,0.34,0.54,0.5,0.21,0.5,0,0.54,0.31,3,
137,0.39,0.58,0.5,0.26,0.5,0,0.54,0.59,7,
138,0.48,0.54,0.5,0.17,0.5,0,0.53,0.22,2,
139,0.29,0.32,0.58,0.15,0.5,0,0.5,0.3,3,
140,0.47,0.32,0.64,0.3,0.5,0,0.63,0.22,2,
141,0.39,0.47,0.56,0.16,0.5,0,0.47,0.22,3,
142,0.58,0.48,0.51,0.47,0.5,0,0.55,0.22,2,
143,0.64,0.6,0.57,0.19,0.5,0,0.43,0.22,2,
144,0.37,0.46,0.4,0.27,0.5,0,0.45,0.22,2,
145,0.43,0.57,0.53,0.16,0.5,0,0.54,0.22,3,
146,0.28,0.37,0.61,0.09,0.5,0,0.52,0.55,2,
147,0.59,0.48,0.5,0.14,0.5,0,0.45,0.25,3,
148,0.39,0.55,0.48,0.31,0.5,0,0.54,0.29,3,
149,0.26,0.36,0.47,0.34,0.5,0,0.53,0.72,2,
150,0.51,0.34,0.5,0.19,0.5,0,0.5,0.22,2,
151,0.58,0.5,0.5,0.12,0.5,0,0.48,0.25,2,
152,0.44,0.39,0.53,0.14,0.5,0,0.54,0.44,3,
153,0.41,0.39,0.44,0.34,0.5,0,0.48,0.4,2,
154,0.45,0.43,0.51,0.24,0.5,0,0.54,0.33,3,
155,0.36,0.68,0.46,0.16,0.5,0,0.53,0.28,2,
156,0.42,0.31,0.5,0.15,0.5,0,0.53,0.22,2,
157,0.42,0.43,0.56,0.1,0.5,0,0.49,0.22,3,
158,0.67,0.71,0.52,0.65,0.5,0,0.53,0.36,2,
159,0.49,0.47,0.53,0.16,0.5,0,0.48,0.27,2,
160,0.71,0.59,0.48,0.43,0.5,0,0.59,0.22,1,
161,0.4,0.42,0.71,0.21,0.5,0,0.54,0.32,3,
162,0.4,0.42,0.71,0.21,0.5,0,0.54,0.32,3,
163,0.54,0.49,0.49,0.2,0.5,0,0.52,0.22,3,
164,0.42,0.51,0.5,0.12,0.5,0,0.52,0.46,2,
165,0.57,0.51,0.53,0.18,0.5,0,0.56,0.25,2,
166,0.35,0.45,0.43,0.11,0.5,0,0.56,0.22,7,
167,0.42,0.42,0.42,0.2,0.5,0,0.49,0.22,7,
168,0.26,0.5,0.33,0.28,0.5,0,0.51,0.22,7,
169,0.39,0.42,0.38,0.4,0.5,0,0.49,0.47,7,
170,0.26,0.44,0.3,0.11,0.5,0,0.51,0.47,7,
171,0.31,0.44,0.53,0.23,0.5,0,0.51,0.32,2,
172,0.48,0.61,0.44,0.2,0.5,0,0.47,0.22,3,
173,0.66,0.45,0.5,0.23,0.5,0,0.49,0.22,3,
174,0.21,0.41,0.55,0.11,0.5,0,0.5,0.27,3,
175,0.38,0.68,0.44,0.45,0.5,0,0.53,0.22,1,
176,0.44,0.38,0.48,0.32,0.5,0.83,0.53,0.22,9,
177,0.31,0.31,0.56,0.33,0.5,0,0.52,0.33,2,
178,0.49,0.31,0.49,0.35,0.5,0,0.51,0.29,2,
179,0.38,0.37,0.56,0.21,0.5,0,0.49,0.22,2,
180,0.39,0.4,0.53,0.67,0.5,0,0.47,0.22,3,
181,0.24,0.34,0.69,0.18,0.5,0,0.52,0.22,3,
182,0.49,0.43,0.51,0.13,0.5,0,0.47,0.22,3,
183,0.54,0.38,0.52,0.18,0.5,0,0.48,0.22,3,
184,0.43,0.57,0.53,0.53,0.5,0,0.53,0.25,3,
185,0.48,0.64,0.61,0.23,0.5,0,0.6,0.22,3,
186,0.31,0.55,0.52,0.17,0.5,0,0.52,0.22,3,
187,0.32,0.57,0.5,0.15,0.5,0,0.53,0.22,3,
188,0.32,0.42,0.52,0.24,0.5,0,0.6,0.22,3,
189,0.59,0.5,0.52,0.28,0.5,0,0.55,0.25,3,
190,0.37,0.42,0.51,0.11,0.5,0,0.57,0.22,3,
191,0.75,0.7,0.38,0.27,0.5,0,0.49,0.22,4,
192,0.61,0.72,0.31,0.33,0.5,0,0.56,0.22,1,
193,0.44,0.42,0.6,0.21,0.5,0,0.57,0.22,3,
194,0.52,0.51,0.51,0.54,0.5,0,0.55,0.27,1,
195,0.63,0.56,0.45,0.58,0.5,0,0.51,0.22,1,
196,0.52,0.56,0.54,0.53,0.5,0,0.45,0.22,1,
197,0.58,0.58,0.58,0.49,0.5,0,0.49,0.26,1,
198,0.72,0.62,0.34,0.29,0.5,0,0.56,0.28,1,
199,0.72,0.61,0.37,0.3,0.5,0,0.57,0.22,1,
200,0.46,0.43,0.38,0.33,0.5,0,0.48,0.28,1,
201,0.57,0.57,0.44,0.37,0.5,0,0.52,0.25,1,
202,0.42,0.31,0.62,0.12,0.5,0,0.4,0.22,1,
203,0.49,0.46,0.45,0.45,0.5,0,0.52,0.22,1,
204,0.42,0.58,0.41,0.65,0.5,0,0.46,0.26,1,
205,0.59,0.61,0.34,0.22,0.5,0,0.51,0.22,1,
206,0.52,0.77,0.38,0.34,0.5,0,0.51,0.22,1,
207,0.5,0.52,0.6,0.51,0.5,0,0.48,0.22,1,
208,0.49,0.6,0.43,0.56,0.5,0,0.36,0.22,1,
209,0.5,0.41,0.44,0.5,0.5,0,0.42,0.22,1,
210,0.5,0.4,0.56,0.7,0.5,0,0.5,0.22,1,
211,0.37,0.58,0.44,0.51,0.5,0,0.44,0.22,1,
212,0.55,0.45,0.45,0.54,0.5,0,0.5,0.22,1,
213,0.67,0.68,0.46,0.29,0.5,0,0.46,0.22,1,
214,0.53,0.51,0.46,0.28,0.5,0,0.48,0.22,3,
215,0.35,0.66,0.49,0.21,0.5,0,0.54,0.25,3,
216,0.52,0.4,0.6,0.12,0.5,0,0.55,0.22,3,
217,0.77,0.79,0.58,0.23,0.5,0,0.48,0.22,5,
218,0.47,0.46,0.59,0.49,0.5,0,0.56,0.22,1,
219,0.73,0.83,0.43,0.3,0.5,0,0.55,0.22,4,
220,0.78,0.74,0.58,0.25,1,0,0.53,0.22,10,
221,0.7,0.65,0.54,0.28,0.5,0,0.6,0.4,8,
222,0.47,0.54,0.37,0.14,0.5,0,0.5,0.22,7,
223,0.56,0.52,0.48,0.17,0.5,0,0.46,0.22,2,
224,0.57,0.41,0.59,0.24,0.5,0,0.4,0.22,3,
225,0.56,0.41,0.58,0.21,0.5,0,0.42,0.22,3,
226,0.58,0.56,0.45,0.12,0.5,0,0.51,0.22,2,
227,0.53,0.38,0.66,0.25,0.5,0,0.43,0.22,2,
228,0.34,0.36,0.54,0.11,0.5,0,0.36,0.21,2,
229,0.69,0.61,0.38,0.27,0.5,0,0.52,0.22,6,
230,0.37,0.53,0.6,0.19,0.5,0.5,0.42,0.22,9,
231,0.41,0.45,0.53,0.17,0.5,0,0.51,0.25,2,
232,0.31,0.46,0.54,0.52,0.5,0,0.5,0.34,2,
233,0.36,0.37,0.33,0.14,0.5,0,0.57,0.31,7,
234,0.82,0.78,0.49,0.23,0.5,0,0.46,0.22,5,
235,0.82,0.75,0.54,0.23,0.5,0,0.46,0.22,5,
236,0.41,0.51,0.58,0.15,0.5,0,0.45,0.27,3,
237,0.38,0.51,0.75,0.17,0.5,0,0.55,0.22,3,
238,0.38,0.51,0.75,0.17,0.5,0,0.55,0.22,3,
239,0.53,0.44,0.51,0.33,0.5,0,0.52,0.22,1,
240,0.46,0.54,0.71,0.15,0.5,0,0.59,0.22,1,
241,0.4,0.56,0.48,0.14,0.5,0,0.47,0.22,1,
242,0.53,0.53,0.6,0.13,0.5,0,0.49,0.22,1,
243,0.42,0.57,0.72,0.22,0.5,0,0.57,0.22,1,
244,0.45,0.27,0.57,0.36,0.5,0,0.52,0.18,3,
245,0.2,0.26,0.52,0.14,0.5,0,0.53,0.44,3,
246,0.51,0.53,0.55,0.14,0.5,0,0.51,0.22,3,
247,0.44,0.68,0.45,0.51,0.5,0,0.52,0.41,1,
248,0.27,0.39,0.66,0.11,0.5,0,0.44,0.22,1,
249,0.55,0.42,0.34,0.3,0.5,0,0.52,0.22,7,
250,0.34,0.42,0.3,0.23,0.5,0,0.53,0.22,7,
251,0.44,0.53,0.52,0.23,0.5,0.83,0.51,0.22,9,
252,0.59,0.58,0.56,0.21,0.5,0,0.54,0.33,2,
253,0.39,0.28,0.46,0.12,0.5,0,0.41,0.22,2,
254,0.56,0.43,0.54,0.16,0.5,0,0.5,0.22,2,
255,0.36,0.68,0.38,0.08,0.5,0,0.53,0.25,8,
256,0.27,0.36,0.6,0.33,0.5,0,0.37,0.31,2,
257,0.35,0.4,0.59,0.22,0.5,0,0.47,0.37,2,
258,0.42,0.32,0.5,0.21,0.5,0,0.51,0.22,2,
259,0.23,0.2,0.53,0.2,0.5,0,0.44,0.22,2,
260,0.55,0.54,0.56,0.22,0.5,0,0.5,0.37,2,
261,0.36,0.24,0.49,0.16,0.5,0,0.51,0.22,2,
262,0.38,0.48,0.59,0.22,0.5,0,0.46,0.22,3,
263,0.8,0.46,0.5,0.15,0.5,0,0.53,0.22,3,
264,0.6,0.56,0.47,0.2,0.5,0,0.5,0.38,2,
265,0.41,0.24,0.54,0.26,0.5,0,0.41,0.22,2,
266,0.47,0.65,0.54,0.62,0.5,0,0.53,0.36,1,
267,0.43,0.39,0.54,0.14,0.5,0,0.47,0.22,2,
268,0.5,0.51,0.52,0.09,0.5,0,0.48,0.25,2,
269,0.53,0.61,0.52,0.21,0.5,0,0.55,0.3,2,
270,0.54,0.42,0.41,0.16,0.5,0,0.52,0.22,6,
271,0.46,0.35,0.53,0.16,0.5,0,0.51,0.29,3,
272,0.46,0.43,0.49,0.79,0.5,0,0.49,0.63,2,
273,0.51,0.55,0.35,0.16,0.5,0,0.51,0.47,7,
274,0.56,0.52,0.55,0.19,0.5,0,0.54,0.22,3,
275,0.61,0.3,0.59,0.12,0.5,0,0.49,0.27,2,
276,0.37,0.53,0.46,0.23,0.5,0,0.47,0.22,2,
277,0.83,0.58,0.33,0.04,0.5,0,0.53,0.22,6,
278,0.39,0.45,0.53,0.18,0.5,0,0.54,0.22,3,
279,0.52,0.54,0.5,0.21,0.5,0,0.48,0.3,3,
280,0.35,0.39,0.57,0.11,0.5,0,0.48,0.22,2,
281,0.36,0.49,0.3,0.22,0.5,0,0.52,0.31,7,
282,0.78,0.7,0.32,0.23,0.5,0,0.53,0.22,4,
283,0.55,0.46,0.53,0.11,0.5,0,0.52,0.48,3,
284,0.45,0.56,0.54,0.32,0.5,0,0.57,0.22,3,
285,0.45,0.56,0.53,0.32,0.5,0,0.57,0.22,3,
286,0.29,0.43,0.4,0.15,0.5,0,0.53,0.22,7,
287,0.52,0.75,0.37,0.14,0.5,0,0.46,0.22,7,
288,0.71,0.56,0.39,0.27,0.5,0,0.52,0.22,6,
289,0.58,0.6,0.43,0.12,0.5,0,0.55,0.22,7,
290,0.54,0.65,0.49,0.34,0.5,0,0.52,0.22,3,
291,0.57,0.59,0.44,0.16,0.5,0,0.52,0.22,6,
292,0.59,0.58,0.46,0.19,0.5,0,0.56,0.27,3,
293,0.92,0.61,0.4,0.22,0.5,0,0.54,0.22,6,
294,0.55,0.56,0.45,0.14,0.5,0,0.54,0.22,3,
295,0.63,0.61,0.41,0.22,0.5,0,0.51,0.22,7,
296,0.58,0.53,0.38,0.18,0.5,0,0.52,0.22,7,
297,0.36,0.46,0.43,0.19,0.5,0,0.48,0.22,7,
298,0.32,0.47,0.55,0.12,0.5,0,0.52,0.22,3,
299,0.34,0.38,0.45,0.19,0.5,0,0.51,0.22,6,
300,0.62,0.58,0.46,0.13,0.5,0,0.53,0.22,3,
301,0.53,0.68,0.42,0.19,0.5,0,0.53,0.22,7,
302,0.73,0.55,0.41,0.16,0.5,0,0.46,0.22,6,
303,0.55,0.46,0.46,0.31,0.5,0,0.58,0.48,2,
304,0.35,0.6,0.47,0.13,0.5,0,0.52,0.43,2,
305,0.77,0.8,0.51,0.4,1,0,0.54,0.22,10,
306,0.77,0.87,0.47,0.37,0.5,0,0.48,0.22,5,
307,0.35,0.46,0.49,0.15,1,0,0.55,0.35,3,
308,0.43,0.51,0.48,0.14,0.5,0,0.5,0.22,3,
309,0.57,0.61,0.45,0.26,0.5,0,0.5,0.22,3,
310,0.63,0.62,0.42,0.12,0.5,0,0.52,0.25,3,
311,0.25,0.4,0.51,0.18,0.5,0,0.5,0.27,3,
312,0.56,0.62,0.53,0.24,0.5,0,0.57,0.22,3,
313,0.58,0.6,0.51,0.24,0.5,0,0.53,0.22,3,
314,0.71,0.59,0.53,0.15,0.5,0,0.49,0.33,3,
315,0.46,0.35,0.33,0.17,0.5,0,0.55,0.22,7,
316,0.54,0.55,0.42,0.22,0.5,0,0.48,0.22,7,
317,0.39,0.44,0.28,0.12,0.5,0,0.46,0.27,7,
318,0.33,0.44,0.49,0.08,0.5,0,0.48,0.49,2,
319,0.81,0.82,0.41,0.36,0.5,0,0.39,0.22,5,
320,0.69,0.6,0.51,0.13,0.5,0.83,0.52,0.22,9,
321,0.46,0.48,0.44,0.21,0.5,0,0.55,0.22,9,
322,0.35,0.36,0.57,0.17,0.5,0,0.52,0.22,3,
323,0.74,0.72,0.47,0.25,0.5,0,0.57,0.22,4,
324,0.54,0.57,0.52,0.19,0.5,0,0.59,0.67,2,
325,0.42,0.52,0.4,0.17,0.5,0,0.5,0.26,7,
326,0.91,0.77,0.34,0.47,0.5,0,0.52,0.31,4,
327,0.81,0.9,0.39,0.41,0.5,0,0.53,0.22,6,
328,0.45,0.4,0.56,0.14,0.5,0,0.54,0.22,3,
329,0.47,0.47,0.58,0.16,0.5,0,0.49,0.28,3,
330,0.41,0.39,0.51,0.52,0.5,0,0.49,0.22,3,
331,0.37,0.34,0.32,0.22,0.5,0,0.56,0.22,7,
332,0.69,0.6,0.5,0.31,0.5,0,0.55,0.22,3,
333,0.35,0.56,0.36,0.3,0.5,0,0.53,0.25,7,
334,0.84,0.66,0.36,0.78,0.5,0,0.49,0.5,4,
335,0.51,0.58,0.54,0.29,0.5,0,0.53,0.22,3,
336,0.37,0.43,0.62,0.27,0.5,0,0.48,0.22,2,
337,0.55,0.66,0.57,0.32,0.5,0,0.57,0.34,3,
338,0.48,0.35,0.42,0.21,0.5,0,0.57,0.22,3,
339,0.62,0.58,0.52,0.15,0.5,0,0.52,0.29,3,
340,0.56,0.59,0.53,0.16,0.5,0,0.24,0.42,2,
341,0.44,0.51,0.37,0.15,0.5,0,0.51,0.22,7,
342,0.44,0.44,0.49,0.15,0.5,0,0.46,0.27,2,
343,0.5,0.5,0.48,0.17,0.5,0,0.47,0.26,3,
344,0.6,0.6,0.49,0.3,0.5,0,0.53,0.22,2,
345,0.49,0.46,0.34,0.21,0.5,0,0.55,0.22,7,
346,0.35,0.68,0.57,0.4,0.5,0,0.53,0.36,2,
347,0.7,0.69,0.43,0.33,0.5,0,0.58,0.22,4,
348,0.23,0.3,0.58,0.22,0.5,0,0.48,0.27,2,
349,0.45,0.42,0.52,0.2,0.5,0,0.5,0.25,3,
350,0.51,0.35,0.46,0.15,0.5,0,0.51,0.42,3,
351,0.42,0.39,0.47,0.13,0.5,0,0.5,0.27,3,
352,0.32,0.38,0.52,0.2,0.5,0,0.52,0.28,3,
353,0.59,0.65,0.52,0.3,0.5,0,0.46,0.31,3,
354,0.41,0.52,0.41,0.11,0.5,0,0.54,0.35,3,
355,0.37,0.33,0.5,0.12,0.5,0,0.51,0.54,3,
356,0.45,0.56,0.49,0.17,0.5,0,0.52,0.22,3,
357,0.56,0.54,0.59,0.14,0.5,0,0.52,0.27,2,
358,0.31,0.31,0.54,0.18,0.5,0,0.52,0.29,2,
359,0.27,0.51,0.47,0.35,0.5,0,0.49,0.28,2,
360,0.54,0.56,0.57,0.18,0.5,0,0.45,0.25,2,
361,0.17,0.38,0.45,0.09,0.5,0,0.54,0.27,2,
362,0.43,0.51,0.54,0.15,0.5,0,0.45,0.26,2,
363,0.6,0.4,0.59,0.18,0.5,0,0.48,0.22,3,
364,0.91,0.69,0.57,0.45,0.5,0,0.56,0.22,6,
365,0.38,0.47,0.53,0.12,0.5,0,0.48,0.22,3,
366,0.59,0.43,0.52,0.19,0.5,0,0.55,0.27,3,
367,0.64,0.53,0.45,0.13,0.5,0,0.53,0.22,3,
368,0.49,0.31,0.34,0.13,0.5,0,0.52,0.22,7,
369,0.52,0.51,0.51,0.12,0.5,0,0.51,0.4,3,
370,0.49,0.43,0.48,0.15,0.5,0,0.55,0.25,3,
371,0.49,0.47,0.52,0.16,0.5,0,0.53,0.28,3,
372,0.48,0.39,0.49,0.18,0.5,0,0.51,0.22,3,
373,0.44,0.34,0.55,0.18,0.5,0,0.52,0.22,3,
374,0.43,0.54,0.58,0.16,0.5,0,0.5,0.36,2,
375,0.49,0.42,0.54,0.17,0.5,0,0.5,0.36,3,
376,0.34,0.66,0.51,0.16,0.5,0,0.47,0.33,2,
377,0.2,0.34,0.33,0.1,0.5,0,0.48,0.31,7,
378,0.74,0.53,0.5,0.08,0.5,0,0.55,0.31,3,
379,0.69,0.48,0.38,0.15,0.5,0,0.55,0.22,6,
380,0.3,0.5,0.47,0.11,0.5,0,0.46,0.22,3,
381,0.44,0.51,0.48,0.38,0.5,0,0.52,0.22,3,
382,0.31,0.45,0.5,0.17,0.5,0,0.49,0.22,3,
383,0.55,0.41,0.56,0.21,0.5,0,0.52,0.22,3,
384,0.4,0.34,0.52,0.17,0.5,0,0.47,0.51,2,
385,0.4,0.48,0.5,0.17,0.5,0,0.54,0.5,3,
386,0.58,0.48,0.56,0.1,0.5,0,0.46,0.25,2,
387,0.58,0.48,0.56,0.12,0.5,0,0.46,0.25,2,
388,0.58,0.45,0.48,0.24,0.5,0,0.52,0.37,3,
389,0.58,0.41,0.51,0.26,0.5,0,0.51,0.37,3,
390,0.41,0.6,0.53,0.29,0.5,0,0.47,0.43,2,
391,0.69,0.5,0.49,0.42,0.5,0,0.49,0.22,1,
392,0.38,0.49,0.61,0.13,0.5,0,0.54,0.22,3,
393,0.6,0.48,0.44,0.52,0.5,0,0.54,0.63,2,
394,0.47,0.49,0.63,0.17,0.5,0,0.31,0.26,2,
395,0.28,0.51,0.55,0.11,0.5,0,0.46,0.22,2,
396,0.56,0.57,0.63,0.39,1,0,0.59,0.4,2,
397,0.21,0.38,0.49,0.16,0.5,0,0.51,0.45,3,
398,0.46,0.57,0.57,0.15,0.5,0,0.52,0.26,2,
399,0.43,0.42,0.54,0.22,0.5,0,0.57,0.33,2,
400,0.57,0.59,0.5,0.58,0.5,0,0.53,0.22,1,
401,0.48,0.34,0.47,0.14,0.5,0,0.47,0.26,3,
402,0.35,0.4,0.53,0.18,0.5,0,0.42,0.38,3,
403,0.47,0.45,0.53,0.62,0.5,0,0.46,0.22,1,
404,0.53,0.43,0.47,0.15,0.5,0,0.58,0.22,3,
405,0.46,0.45,0.56,0.16,0.5,0,0.56,0.22,3,
406,0.44,0.42,0.62,0.14,0.5,0,0.55,0.37,2,
407,,0.37,0.34,0.58,0.24,0.5,0,0.44,0.18,2
408,,0.37,0.34,0.58,0.24,0.5,0,0.44,0.18,2
409,,0.39,0.39,0.55,0.52,0.5,0,0.37,0.16,2
410,,0.39,0.39,0.55,0.52,0.5,0,0.37,0.16,2
411,0.48,0.46,0.38,0.29,0.5,0,0.53,0.22,7,
412,0.48,0.57,0.5,0.09,0.5,0,0.52,0.42,2,
413,0.61,0.57,0.45,0.21,0.5,0,0.5,0.42,2,
414,0.56,0.44,0.56,0.19,0.5,0,0.54,0.22,3,
415,0.51,0.63,0.3,0.35,0.5,0,0.53,0.27,7,
416,0.53,0.68,0.34,0.42,0.5,0,0.54,0.27,7,
417,0.37,0.22,0.64,0.35,0.5,0,0.47,0.22,2,
418,0.51,0.48,0.58,0.22,0.5,0,0.5,0.28,2,
419,0.49,0.37,0.59,0.17,0.5,0,0.51,0.22,2,
420,0.51,0.48,0.58,0.22,0.5,0,0.5,0.28,2,
421,,0.53,0.53,0.53,0.17,0.5,0,0.49,0.37,2
422,0.29,0.68,0.47,0.26,0.5,0,0.47,0.37,2,
423,0.5,0.45,0.49,0.15,0.5,0,0.55,0.43,2,
424,0.33,0.28,0.31,0.24,0.5,0,0.53,0.22,7,
425,0.85,0.85,0.3,0.31,0.5,0,0.55,0.42,4,
426,0.43,0.39,0.51,0.28,0.5,0,0.4,0.22,2,
427,0.61,0.54,0.49,0.16,0.5,0,0.54,0.42,3,
428,0.34,0.35,0.61,0.19,0.5,0,0.52,0.25,2,
429,0.55,0.53,0.56,0.29,0.5,0,0.48,0.22,1,
430,0.66,0.62,0.52,0.17,0.5,0,0.49,0.22,3,
431,0.44,0.41,0.58,0.2,0.5,0,0.57,0.25,3,
432,0.37,0.62,0.34,0.25,0.5,0,0.51,0.22,7,
433,0.45,0.56,0.51,0.64,0.5,0,0.54,0.22,1,
434,0.38,0.46,0.52,0.75,0.5,0,0.5,0.26,1,
435,0.61,0.54,0.49,0.19,0.5,0,0.54,0.47,3,
436,0.44,0.53,0.52,0.37,0.5,0,0.5,0.22,2,
437,0.44,0.53,0.52,0.37,0.5,0,0.5,0.22,2,
438,0.32,0.34,0.61,0.17,0.5,0,0.52,0.32,2,
439,0.34,0.34,0.61,0.18,0.5,0,0.52,0.32,2,
440,0.51,0.68,0.49,0.59,0.5,0,0.54,0.27,1,
441,0.41,0.3,0.49,0.28,0.5,0,0.54,0.22,3,
442,0.41,0.43,0.5,0.28,0.5,0,0.5,0.22,3,
443,0.3,0.5,0.34,0.26,0.5,0,0.51,0.22,7,
444,0.49,0.4,0.34,0.26,0.5,0,0.5,0.22,7,
445,0.34,0.4,0.3,0.23,0.5,0,0.51,0.22,7,
446,0.43,0.44,0.3,0.18,0.5,0,0.51,0.22,7,
447,0.43,0.45,0.37,0.12,0.5,0,0.48,0.22,7,
448,0.45,0.57,0.3,0.17,0.5,0,0.51,0.22,7,
449,0.45,0.57,0.3,0.17,0.5,0,0.51,0.22,7,
450,0.42,0.44,0.33,0.17,0.5,0,0.54,0.27,7,
451,0.52,0.5,0.53,0.1,0.5,0,0.48,0.22,9,
452,0.53,0.56,0.49,0.46,0.5,0,0.52,0.22,1,
453,0.45,0.54,0.54,0.62,0.5,0,0.53,0.22,1,
454,0.51,0.43,0.63,0.18,0.5,0,0.52,0.22,3,
455,0.51,0.52,0.48,0.5,0.5,0,0.51,0.22,1,
456,0.55,0.49,0.5,0.46,0.5,0,0.52,0.25,1,
457,0.5,0.46,0.52,0.16,0.5,0,0.52,0.26,3,
458,0.5,0.53,0.45,0.44,0.5,0,0.49,0.22,1,
459,0.45,0.59,0.53,0.74,0.5,0,0.47,0.25,1,
460,0.57,0.61,0.55,0.67,0.5,0,0.48,0.22,1,
461,0.54,0.45,0.62,0.13,0.5,0,0.52,0.26,2,
462,0.67,0.51,0.53,0.28,0.5,0,0.51,0.22,1,
463,0.35,0.49,0.47,0.22,0.5,0,0.5,0.28,1,
464,0.47,0.63,0.66,0.45,0.5,0,0.37,0.11,1,
465,0.51,0.34,0.43,0.18,0.5,0,0.48,0.25,3,
466,0.56,0.45,0.59,0.14,0.5,0,0.51,0.26,2,
467,0.45,0.38,0.59,0.18,0.5,0,0.44,0.45,2,
468,0.43,0.51,0.6,0.25,0.5,0,0.55,0.22,3,
469,0.47,0.59,0.43,0.13,0.5,0,0.56,0.3,7,
470,0.4,0.45,0.42,0.17,0.5,0,0.54,0.26,7,
471,0.89,0.81,0.36,0.71,0.5,0,0.55,0.63,4,
472,0.58,0.55,0.52,0.22,0.5,0,0.44,0.22,1,
473,0.59,0.57,0.46,0.14,0.5,0,0.52,0.22,1,
474,0.49,0.41,0.32,0.21,0.5,0,0.5,0.32,7,
475,0.35,0.53,0.35,0.33,0.5,0,0.5,0.32,7,
476,0.42,0.32,0.61,0.13,0.5,0,0.14,0.27,2,
477,0.5,0.46,0.42,0.32,0.5,0,0.56,0.55,7,
478,0.68,0.5,0.43,0.27,0.5,0,0.61,0.22,6,
479,0.5,0.45,0.49,0.3,0.5,0,0.47,0.4,2,
480,0.46,0.41,0.5,0.44,0.5,0,0.53,0.22,1,
481,0.32,0.36,0.34,0.19,0.5,0,0.55,0.26,7,
482,0.4,0.51,0.42,0.13,0.5,0,0.45,0.25,7,
483,0.7,0.73,0.37,0.37,0.5,0,0.48,0.31,4,
484,0.81,0.76,0.32,0.37,0.5,0,0.51,0.22,6,
485,0.65,0.61,0.39,0.3,0.5,0,0.57,0.28,7,
486,0.47,0.43,0.35,0.32,0.5,0,0.54,0.22,7,
487,0.42,0.25,0.6,0.14,0.5,0,0.45,0.22,3,
488,0.23,0.34,0.41,0.28,0.5,0,0.5,0.27,2,
489,0.85,0.56,0.33,0.38,1,0,0.55,0.25,10,
490,0.34,0.31,0.6,0.37,0.5,0,0.5,0.3,2,
491,0.59,0.53,0.47,0.26,0.5,0,0.53,0.31,2,
492,0.67,0.63,0.34,0.41,0.5,0,0.6,0.33,4,
493,0.7,0.73,0.38,0.36,0.5,0,0.54,0.22,4,
494,0.54,0.51,0.54,0.52,0.5,0,0.47,0.25,1,
495,0.53,0.5,0.54,0.56,0.5,0,0.49,0.41,1,
496,0.84,0.63,0.38,0.23,0.5,0,0.53,0.22,5,
497,0.89,0.77,0.36,0.34,0.5,0,0.44,0.22,5,
498,0.48,0.43,0.45,0.17,0.5,0,0.48,0.37,7,
499,0.36,0.35,0.47,0.22,0.5,0,0.44,0.31,7,
500,0.57,0.49,0.48,0.16,0.5,0,0.51,0.22,2,
501,0.43,0.52,0.53,0.52,1,0,0.49,0.22,3,
502,0.38,0.49,0.54,1,0.5,0,0.5,0.27,3,
503,0.43,0.32,0.56,0.27,0.5,0,0.47,0.27,2,
504,0.84,0.87,0.45,0.54,0.5,0,0.28,0.22,4,
505,0.27,0.56,0.56,0.18,0.5,0,0.52,0.22,3,
506,0.89,0.82,0.6,0.49,0.5,0,0.55,0.22,6,
507,0.86,0.92,0.5,0.37,1,0,0.53,0.32,10,
508,0.37,0.55,0.29,0.32,0.5,0,0.51,0.22,7,
509,0.87,0.83,0.57,0.36,0.5,0,0.36,0.22,5,
510,0.43,0.45,0.54,0.14,0.5,0,0.5,0.31,3,
511,0.52,0.48,0.54,0.28,0.5,0,0.54,0.22,2,
512,0.77,0.6,0.42,0.33,0.5,0,0.57,0.22,6,
513,0.76,0.74,0.56,0.34,0.5,0,0.51,0.3,6,
514,0.58,0.76,0.4,0.37,0.5,0,0.54,0.3,6,
515,0.94,0.6,0.33,0.49,0.5,0,0.54,0.22,6,
516,0.36,0.44,0.57,0.18,0.5,0,0.42,0.22,1,
517,0.42,0.51,0.39,0.22,0.5,0,0.49,0.26,7,
518,0.52,0.48,0.58,0.55,0.5,0,0.48,0.22,3,
519,0.42,0.32,0.48,0.16,0.5,0,0.55,0.22,8,
520,0.43,0.38,0.51,0.24,0.5,0,0.46,0.33,2,
521,0.48,0.57,0.52,0.61,0.5,0,0.51,0.22,1,
522,0.83,0.53,0.52,0.2,0.5,0,0.48,0.25,6,
523,0.36,0.34,0.46,0.19,0.5,0,0.52,0.22,6,
524,0.51,0.43,0.47,0.19,0.5,0,0.52,0.37,3,
525,0.54,0.54,0.49,0.14,0.5,0,0.56,0.22,3,
526,0.44,0.41,0.44,0.13,0.5,0,0.49,0.42,2,
527,0.52,0.62,0.54,0.19,0.5,0,0.5,0.22,1,
528,0.46,0.4,0.38,0.18,0.5,0,0.49,0.22,7,
529,0.68,0.5,0.55,0.65,0.5,0,0.46,0.31,1,
530,0.53,0.44,0.47,0.22,0.5,0,0.53,0.22,2,
531,0.48,0.48,0.5,0.47,0.5,0,0.55,0.22,1,
532,0.46,0.14,0.36,0.21,0.5,0,0.5,0.25,7,
533,0.5,0.45,0.48,0.17,0.5,0,0.5,0.26,3,
534,0.44,0.53,0.43,0.17,0.5,0,0.54,0.75,2,
535,0.46,0.47,0.46,0.16,0.5,0,0.51,0.22,3,
536,0.52,0.49,0.57,0.57,0.5,0,0.51,0.22,2,
537,0.62,0.64,0.56,0.2,0.5,0,0.48,0.33,2,
538,0.46,0.32,0.58,0.17,0.5,0,0.61,0.25,2,
539,0.78,0.48,0.47,0.3,0.5,0,0.53,0.47,6,
540,0.49,0.62,0.65,0.18,0.5,0,0.46,0.43,2,
541,0.5,0.34,0.62,0.19,0.5,0,0.57,0.22,3,
542,0.39,0.37,0.33,0.23,0.5,0,0.53,0.26,7,
543,0.39,0.37,0.56,0.15,0.5,0,0.5,0.27,3,
544,0.33,0.37,0.54,0.28,0.5,0,0.53,0.27,2,
545,0.39,0.37,0.33,0.23,0.5,0,0.52,0.26,7,
546,0.33,0.38,0.53,0.26,0.5,0,0.52,0.27,2,
547,0.48,0.51,0.57,0.24,0.5,0,0.5,0.22,3,
548,0.5,0.62,0.54,0.66,0.5,0,0.49,0.22,1,
549,0.47,0.54,0.54,0.48,0.5,0,0.53,0.26,1,
550,0.72,0.58,0.42,0.28,0.5,0,0.48,0.22,1,
551,0.41,0.41,0.51,0.19,0.5,0,0.57,0.22,1,
552,0.81,0.65,0.52,0.41,0.5,0,0.57,0.26,1,
553,0.5,0.49,0.52,0.2,0.5,0,0.43,0.52,2,
554,0.18,0.48,0.46,0.12,0.5,0,0,0.25,2,
555,0.26,0.38,0.52,0.36,0.5,0,0.48,0.56,2,
556,0.53,0.51,0.51,0.11,0.5,0,0.49,0.41,2,
557,0.58,0.49,0.5,0.41,0.5,0,0.57,0.22,1,
558,0.62,0.6,0.47,0.16,0.5,0,0.53,0.22,3,
559,0.68,0.58,0.51,0.19,0.5,0.83,0.54,0.22,9,
560,0.4,0.52,0.53,0.52,0.5,0,0.51,0.22,1,
561,0.51,0.47,0.41,0.44,0.5,0,0.5,0.22,7,
562,0.72,0.56,0.4,0.26,0.5,0,0.51,0.26,6,
563,0.49,0.44,0.45,0.22,0.5,0,0.51,0.22,3,
564,0.32,0.47,0.55,0.25,0.5,0,0.49,0.22,1,
565,0.46,0.57,0.52,0.28,0.5,0,0.52,0.22,2,
566,0.53,0.48,0.45,0.44,0.5,0,0.49,0.27,1,
567,0.49,0.48,0.46,0.63,0.5,0,0.52,0.22,1,
568,0.7,0.53,0.42,0.22,0.5,0,0.51,0.28,2,
569,0.68,0.68,0.49,0.15,0.5,0,0.53,0.22,5,
570,0.47,0.6,0.35,0.21,0.5,0,0.52,0.22,7,
571,0.55,0.49,0.45,0.18,0.5,0,0.49,0.22,2,
572,0.4,0.53,0.61,0.21,0.5,0,0.48,0.33,2,
573,0.57,0.44,0.42,0.2,0.5,0,0.54,0.22,3,
574,0.4,0.47,0.48,0.18,0.5,0,0.46,0.22,3,
575,0.34,0.54,0.54,0.13,0.5,0,0.52,0.22,3,
576,0.43,0.83,0.55,0.2,0.5,0,0.47,0.4,2,
577,0.55,0.65,0.5,0.28,0.5,0,0.55,0.22,2,
578,0.29,0.46,0.54,0.27,0.5,0,0.49,0.22,3,
579,0.46,0.42,0.6,0.21,0.5,0,0.4,0.22,5,
580,0.8,0.81,0.55,0.35,0.5,0,0.42,0.22,5,
581,0.79,0.74,0.49,0.33,0.5,0,0.48,0.22,5,
582,0.45,0.48,0.63,0.67,0.5,0,0.48,0.22,1,
583,0.66,0.52,0.52,0.44,0.5,0,0.56,0.27,1,
584,0.5,0.49,0.59,0.47,0.5,0,0.49,0.36,1,
585,0.54,0.52,0.54,0.2,0.5,0,0.55,0.25,2,
586,0.37,0.31,0.53,0.16,0.5,0,0.53,0.44,2,
587,0.43,0.39,0.59,0.13,0.5,0,0.41,0.43,2,
588,0.48,0.47,0.54,0.55,0.5,0,0.51,0.65,1,
589,0.6,0.59,0.45,0.23,0.5,0,0.55,0.22,1,
590,0.45,0.73,0.47,0.65,0.5,0,0.54,0.43,1,
591,0.66,0.54,0.49,0.16,0.5,0,0.54,0.36,2,
592,0.46,0.55,0.61,0.13,0.5,0,0.47,0.22,3,
593,0.42,0.5,0.53,0.22,0.5,0.83,0.5,0.22,9,
594,0.66,0.66,0.32,0.54,0.5,0,0.51,0.22,6,
595,0.74,0.56,0.35,0.36,0.5,0,0.51,0.25,6,
596,0.89,0.52,0.41,0.26,0.5,0,0.52,0.31,6,
597,0.67,0.51,0.54,0.21,0.5,0,0.43,0.3,1,
598,0.58,0.46,0.46,0.34,0.5,0,0.5,0.43,2,
599,0.4,0.68,0.5,0.82,0.5,0,0.44,0.36,1,
600,0.59,0.57,0.43,0.26,0.5,0,0.51,0.22,1,
601,0.39,0.3,0.56,0.12,0.5,0,0.53,0.38,2,
602,0.6,0.62,0.54,0.4,0.5,0,0.5,0.22,1,
603,0.36,0.4,0.53,0.48,0.5,0,0.48,0.22,1,
604,0.51,0.42,0.56,0.38,0.5,0,0.46,0.22,1,
605,0.41,0.54,0.58,0.2,0.5,0,0.52,0.22,1,
606,0.57,0.4,0.62,0.3,0.5,0,0.48,0.11,1,
607,0.52,0.5,0.59,0.31,0.5,0,0.5,0.22,1,
608,0.42,0.53,0.53,0.64,0.5,0,0.47,0.22,1,
609,0.5,0.46,0.64,0.36,0.5,0,0.49,0.22,1,
610,0.6,0.51,0.6,0.38,0.5,0.83,0.52,0.24,1,
611,0.45,0.38,0.64,0.14,0.5,0,0.54,0.22,1,
612,0.6,0.57,0.64,0.52,0.5,0,0.47,0.28,1,
613,0.53,0.42,0.58,0.29,0.5,0,0.5,0.22,1,
614,0.41,0.52,0.53,0.41,0.5,0,0.39,0.33,1,
615,0.45,0.43,0.63,0.4,0.5,0,0.59,0.11,1,
616,0.44,0.44,0.67,0.35,0.5,0,0.48,0.26,1,
617,0.58,0.52,0.61,0.33,0.5,0,0.38,0.11,1,
618,0.57,0.61,0.55,0.27,0.5,0,0.44,0.21,1,
619,0.57,0.58,0.58,0.35,0.5,0,0.49,0.22,1,
620,0.64,0.64,0.56,0.21,0.5,0,0.5,0.22,1,
621,0.56,0.5,0.61,0.49,0.5,0,0.46,0.28,1,
622,0.6,0.46,0.59,0.16,0.5,0,0.49,0.22,1,
623,0.36,0.38,0.56,0.44,0.5,0,0.48,0.22,1,
624,0.53,0.52,0.61,0.35,0.5,0,0.5,0.22,1,
625,0.62,0.59,0.54,0.47,0.5,0,0.46,0.22,1,
626,0.55,0.5,0.6,0.31,0.5,0,0.46,0.27,1,
627,0.58,0.53,0.57,0.46,0.5,0,0.51,0.27,1,
628,0.65,0.53,0.55,0.52,0.5,0,0.47,0.27,1,
629,0.38,0.54,0.54,0.41,0.5,0,0.51,0.22,1,
630,0.58,0.53,0.5,0.53,0.5,0,0.47,0.31,1,
631,0.61,0.46,0.51,0.37,0.5,0,0.51,0.22,1,
632,0.55,0.59,0.47,0.64,0.5,0,0.54,0.33,1,
633,0.54,0.64,0.5,0.13,0.5,0,0.49,0.22,1,
634,0.4,0.74,0.49,0.16,0.5,0,0.51,0.22,1,
635,0.76,0.76,0.35,0.27,0.5,0,0.44,0.22,4,
636,0.51,0.56,0.51,0.42,0.5,0,0.53,0.36,1,
637,0.43,0.32,0.5,0.29,0.5,0,0.5,0.22,1,
638,0.49,0.44,0.45,0.55,0.5,0,0.48,0.22,1,
639,0.32,0.45,0.44,0.2,0.5,0,0.55,0.33,2,
640,0.51,0.6,0.51,0.26,0.5,0,0.54,0.22,2,
641,0.49,0.46,0.42,0.46,0.5,0,0.55,0.22,2,
642,0.5,0.56,0.49,0.61,0.5,0,0.5,0.22,1,
643,0.51,0.48,0.51,0.43,0.5,0,0.49,0.22,1,
644,0.52,0.38,0.62,0.12,0.5,0,0.41,0.28,2,
645,0.53,0.4,0.57,0.12,0.5,0,0.53,0.32,2,
646,0.51,0.56,0.62,0.24,0.5,0,0.52,0.51,2,
647,0.63,0.6,0.5,0.27,0.5,0,0.55,0.22,1,
648,0.46,0.44,0.53,0.31,0.5,0,0.48,0.22,1,
649,0.58,0.57,0.54,0.69,0.5,0,0.54,0.22,1,
650,0.61,0.59,0.47,0.49,0.5,0,0.54,0.22,1,
651,0.63,0.47,0.56,0.12,0.5,0,0.5,0.22,1,
652,0.55,0.53,0.54,0.4,0.5,0,0.48,0.22,1,
653,0.41,0.47,0.58,0.62,0.5,0,0.5,0.22,1,
654,0.44,0.53,0.53,0.37,0.5,0,0.51,0.22,1,
655,0.57,0.4,0.48,0.24,0.5,0,0.55,0.22,3,
656,0.46,0.46,0.56,0.12,0.5,0,0.55,0.22,1,
657,0.47,0.46,0.55,0.28,0.5,0,0.44,0.46,2,
658,0.39,0.35,0.49,0.17,0.5,0,0.49,0.22,2,
659,0.58,0.38,0.4,0.21,0.5,0,0.5,0.22,3,
660,0.53,0.41,0.5,0.24,1,0,0.47,0.22,3,
661,0.43,0.4,0.5,0.18,0.5,0,0.5,0.28,3,
662,0.41,0.59,0.46,0.19,0.5,0,0.36,0.22,5,
663,0.58,0.56,0.52,0.25,0.5,0,0.57,0.35,2,
664,0.51,0.65,0.53,0.19,0.5,0,0.49,0.22,5,
665,0.81,0.79,0.32,0.37,0.5,0,0.41,0.22,4,
666,0.44,0.41,0.29,0.21,0.5,0,0.49,0.22,7,
667,0.49,0.6,0.55,0.17,0.5,0,0.44,0.22,3,
668,0.56,0.63,0.52,0.2,0.5,0,0.34,0.26,2,
669,0.42,0.28,0.57,0.18,0.5,0,0.42,0.22,2,
670,0.51,0.46,0.54,0.41,0.5,0,0.53,0.22,1,
671,0.6,0.51,0.52,0.45,0.5,0,0.5,0.27,1,
672,0.37,0.41,0.45,0.14,0.5,0,0.47,0.22,3,
673,0.37,0.51,0.57,0.4,0.5,0,0.48,0.27,1,
674,0.36,0.39,0.55,0.26,0.5,0,0.49,0.22,2,
675,0.5,0.36,0.53,0.41,0.5,0,0.55,0.36,3,
676,0.59,0.58,0.39,0.52,0.5,0,0.5,0.31,3,
677,0.78,0.63,0.53,0.13,0.5,0,0.54,0.22,6,
678,0.47,0.59,0.37,0.31,0.5,0,0.51,0.36,2,
679,0.48,0.62,0.52,0.3,0.5,0,0.51,0.37,2,
680,0.53,0.61,0.51,0.49,0.5,0,0.54,0.27,1,
681,0.48,0.54,0.53,0.6,0.5,0,0.53,0.31,2,
682,0.33,0.46,0.53,0.29,0.5,0,0.5,0.55,2,
683,0.36,0.44,0.51,0.17,0.5,0,0.6,0.19,2,
684,0.39,0.34,0.68,0.3,0.5,0,0.5,0.29,2,
685,0.11,0.41,0.67,0.13,0.5,0,0.45,0.29,2,
686,0.4,0.53,0.44,0.18,0.5,0,0.54,0.31,2,
687,0.47,0.5,0.55,0.19,0.5,0,0.62,0.22,3,
688,0.35,0.5,0.44,0.27,0.5,0,0.51,0.22,3,
689,0.36,0.3,0.5,0.19,0.5,0,0.55,0.3,2,
690,0.49,0.44,0.51,0.18,0.5,0,0.52,0.27,3,
691,0.35,0.44,0.54,0.26,0.5,0,0.52,0.26,2,
692,0.43,0.28,0.53,0.34,0.5,0,0.55,0.57,2,
693,0.33,0.48,0.55,0.16,0.5,0,0.53,0.75,2,
694,0.45,0.21,0.49,0.24,0.5,0,0.46,0.31,2,
695,0.44,0.34,0.61,0.13,0.5,0,0.49,0.26,2,
696,0.87,0.47,0.6,0.47,0.5,0,0.59,0.22,2,
697,0.3,0.55,0.58,0.16,0.5,0,0.61,0.28,2,
698,0.29,0.34,0.55,0.24,0.5,0,0.51,0.22,3,
699,0.75,0.67,0.51,0.29,0.5,0,0.52,0.36,1,
700,0.47,0.47,0.5,0.15,0.5,0,0.5,0.48,2,
701,0.51,0.34,0.49,0.16,0.5,0,0.53,0.21,2,
702,0.64,0.76,0.51,0.18,0.5,0,0.46,0.22,2,
703,0.45,0.41,0.58,0.48,0.5,0,0.53,0.64,2,
704,0.9,0.54,0.59,0.2,0.5,0,0.48,0.22,2,
705,0.88,0.59,0.54,0.39,0.5,0,0.41,0.3,2,
706,0.7,0.51,0.47,0.24,0.5,0,0.53,0.25,2,
707,0.25,0.36,0.58,0.3,0.5,0,0.58,0.31,2,
708,0.69,0.62,0.49,0,1,0,0.47,0.22,2,
709,0.83,0.57,0.42,0.57,0.5,0,0.5,0.32,6,
710,0.43,0.38,0.38,0.12,0.5,0,0.5,0.22,6,
711,0.78,0.65,0.4,0.16,0.5,0,0.63,0.22,1,
712,0.52,0.64,0.34,0.16,0.5,0,0.57,0.22,1,
713,0.75,0.66,0.64,0.39,0.5,0,0.46,0.32,1,
714,0.41,0.49,0.58,0.22,0.5,0,0.52,0.22,1,
715,0.58,0.51,0.56,0.16,0.5,0,0.34,0.22,2,
716,0.48,0.49,0.45,0.23,0.5,0,0.51,0.22,7,
717,0.39,0.42,0.49,0.1,0.5,0,0.49,0.65,2,
718,0.31,0.42,0.48,0.17,0.5,0,0.49,0.53,2,
719,0.39,0.28,0.54,0.14,0.5,0,0.59,0.22,1,
720,0.76,0.67,0.37,0.22,0.5,0,0.54,0.22,6,
721,0.49,0.27,0.57,0.18,0.5,0.83,0.54,0.22,9,
722,0.28,0.48,0.56,0.16,0.5,0,0.48,0.26,3,
723,0.69,0.39,0.52,0.12,0.5,0,0.38,0.35,3,
724,0.64,0.52,0.5,0.26,0.5,0,0.51,0.31,2,
725,0.56,0.48,0.5,0.3,0.5,0,0.51,0.22,3,
726,0.5,0.5,0.54,0.16,0.5,0,0.49,0.22,9,
727,0.47,0.43,0.59,0.27,0.5,0,0.55,0.22,9,
728,0.68,0.59,0.44,0.49,0.5,0,0.4,0.26,9,
729,0.5,0.51,0.57,0.27,0.5,0,0.48,0.22,9,
730,0.45,0.46,0.61,0.2,0.5,0,0.62,0.22,3,
731,0.53,0.51,0.36,0.13,0.5,0,0.52,0.22,7,
732,0.6,0.54,0.54,0.53,0.5,0,0.52,0.27,1,
733,0.49,0.52,0.53,0.7,0.5,0,0.51,0.22,1,
734,0.49,0.45,0.53,0.16,0.5,0,0.49,0.31,3,
735,0.51,0.46,0.57,0.25,0.5,0,0.53,0.22,3,
736,0.49,0.45,0.46,0.18,0.5,0,0.49,0.31,3,
737,0.52,0.46,0.51,0.18,0.5,0,0.5,0.22,3,
738,0.55,0.59,0.52,0.1,0.5,0,0.53,0.22,3,
739,0.39,0.58,0.5,0.1,0.5,0,0.51,0.25,3,
740,0.7,0.84,0.49,0.28,1,0,0.58,0.22,10,
741,0.33,0.38,0.45,0.19,0.5,0,0.54,0.37,2,
742,0.61,0.46,0.44,0.47,0.5,0,0.5,0.37,2,
743,0.41,0.48,0.38,0.13,0.5,0,0.51,0.35,7,
744,0.37,0.42,0.6,0.13,0.5,0,0.51,0.22,2,
745,0.45,0.58,0.59,0.44,0.5,0,0.56,0.22,1,
746,0.74,0.89,0.32,0.24,0.5,0,0.54,0.32,4,
747,0.28,0.46,0.26,0.18,0.5,0,0.39,0.22,8,
748,0.51,0.46,0.49,0.21,0.5,0,0.55,0.22,8,
749,0.8,0.82,0.57,0.26,0.5,0,0.57,0.27,8,
750,0.46,0.49,0.45,0.28,0.5,0,0.55,0.22,8,
751,0.4,0.36,0.55,0.15,0.5,0,0.53,0.22,8,
752,0.67,0.46,0.58,0.3,0.5,0,0.57,0.27,2,
753,0.5,0.32,0.49,0.49,0.5,0,0.48,0.32,1,
754,0.45,0.53,0.47,0.43,0.5,0,0.5,0.27,1,
755,0.75,0.6,0.43,0.35,0.5,0,0.45,0.27,1,
756,0.56,0.68,0.52,0.39,0.5,0,0.36,0.22,1,
757,0.48,0.45,0.59,0.35,0.5,0,0.55,0.3,1,
758,0.26,0.28,0.6,0.2,0.5,0,0.54,0.31,1,
759,0.59,0.45,0.58,0.21,0.5,0,0.49,0.22,1,
760,0.48,0.52,0.49,0.35,0.5,0.5,0.51,0.22,1,
761,0.59,0.58,0.47,0.61,0.5,0,0.44,0.3,1,
762,0.5,0.57,0.62,0.25,0.5,0,0.51,0.22,1,
763,0.57,0.49,0.5,0.2,0.5,0,0.51,0.28,3,
764,0.62,0.43,0.49,0.29,0.5,0,0.5,0.27,3,
765,0.45,0.41,0.49,0.14,1,0,0.53,0.3,3,
766,0.47,0.49,0.6,0.15,0.5,0,0.38,0.22,3,
767,0.41,0.48,0.54,0.24,0.5,0,0.37,0.51,2,
768,0.46,0.46,0.53,0.23,0.5,0,0.51,0.22,3,
769,0.48,0.42,0.48,0.19,0.5,0,0.58,0.22,3,
770,0.43,0.45,0.53,0.19,0.5,0,0.56,0.22,3,
771,0.28,0.36,0.55,0.15,0.5,0,0.57,0.22,3,
772,0.48,0.46,0.58,0.26,0.5,0,0.44,0.22,2,
773,0.74,0.72,0.5,0.28,0.5,0,0.5,0.27,5,
774,0.74,0.72,0.5,0.28,0.5,0,0.49,0.27,5,
775,0.38,0.62,0.52,0.14,0.5,0,0.53,0.22,3,
776,0.77,0.72,0.48,0.26,0.5,0,0.51,0.22,5,
777,0.44,0.42,0.57,0.22,0.5,0,0.5,0.25,2,
778,0.74,0.74,0.51,0.27,0.5,0,0.5,0.22,5,
779,0.39,0.81,0.35,0.28,0.5,0,0.51,0.45,7,
780,0.53,0.54,0.43,0.18,0.5,0,0.53,0.31,2,
781,0.38,0.45,0.37,0.19,0.5,0,0.52,0.3,7,
782,0.4,0.37,0.54,0.13,0.5,0,0.48,0.22,2,
783,0.31,0.3,0.34,0.19,0.5,0,0.55,0.3,7,
784,0.5,0.42,0.57,0.49,0.5,0,0.48,0.27,2,
785,0.59,0.61,0.51,0.62,0.5,0,0.51,0.38,1,
786,0.45,0.4,0.43,0.22,0.5,0,0.51,0.48,2,
787,0.47,0.54,0.53,0.77,0.5,0,0.52,0.36,1,
788,0.77,0.78,0.51,0.28,0.5,0,0.33,0.22,5,
789,0.74,0.71,0.52,0.3,0.5,0,0.27,0.22,5,
790,0.77,0.73,0.51,0.27,0.5,0,0.34,0.22,5,
791,0.47,0.61,0.5,0.23,0.5,0,0.49,0.22,7,
792,0.78,0.69,0.44,0.26,0.5,0,0.54,0.22,4,
793,0.49,0.6,0.3,0.34,0.5,0,0.5,0.43,7,
794,0.27,0.56,0.3,0.14,0.5,0,0.52,0.39,7,
795,0.4,0.39,0.33,0.17,0.5,0,0.51,0.31,8,
796,0.55,0.51,0.54,0.2,0.5,0,0.56,0.22,3,
797,0.95,0.71,0.27,0.39,0.5,0,0.31,0.22,6,
798,0.97,0.71,0.29,0.42,0.5,0,0.35,0.22,6,
799,0.44,0.43,0.34,0.21,0.5,0,0.55,0.4,7,
800,0.39,0.49,0.3,0.19,0.5,0,0.52,0.31,7,
801,0.38,0.48,0.51,0.13,0.5,0,0.5,0.32,2,
802,0.37,0.51,0.39,0.18,0.5,0,0.51,0.27,7,
803,0.27,0.49,0.36,0.26,0.5,0,0.49,0.26,7,
804,0.49,0.48,0.52,0.2,0.5,0,0.55,0.22,2,
805,0.36,0.39,0.54,0.16,0.5,0,0.5,0.28,2,
806,0.54,0.53,0.48,0.14,0.5,0,0.49,0.33,2,
807,0.37,0.48,0.5,0.26,0.5,0,0.52,0.39,2,
808,0.25,0.39,0.5,0.23,0.5,0,0.5,0.28,2,
809,0.49,0.71,0.54,0.13,0.5,0,0.58,0.22,2,
810,0.56,0.5,0.56,0.26,0.5,0,0.53,0.27,2,
811,0.41,0.53,0.41,0.15,0.5,0,0.54,0.25,2,
812,0.5,0.45,0.53,0.21,0.5,0,0.28,0.22,2,
813,0.46,0.37,0.48,0.36,0.5,0,0.48,0.22,9,
814,0.66,0.55,0.34,0.2,0.5,0,0.62,0.22,7,
815,0.42,0.65,0.58,0.34,0.5,0,0.5,0.22,1,
816,0.45,0.47,0.53,0.15,0.5,0,0.52,0.27,3,
817,0.42,0.28,0.51,0.23,0.5,0,0.53,0.27,2,
818,0.51,0.48,0.46,0.29,0.5,0,0.54,0.22,3,
819,0.75,0.69,0.48,0.13,0.5,0,0.57,0.4,8,
820,0.69,0.7,0.5,0.3,0.5,0,0.54,0.22,8,
821,0.63,0.55,0.53,0.51,0.5,0,0.55,0.22,8,
822,0.55,0.63,0.54,0.16,0.5,0,0.45,0.27,3,
823,0.46,0.62,0.54,0.25,0.5,0,0.46,0.22,3,
824,0.53,0.59,0.48,0.14,0.5,0,0.51,0.22,3,
825,0.42,0.53,0.57,0.17,0.5,0,0.49,0.22,3,
826,0.52,0.46,0.56,0.2,0.5,0,0.5,0.22,3,
827,0.53,0.43,0.57,0.24,0.5,0,0.39,0.28,3,
828,0.33,0.35,0.56,0.19,0.5,0,0.5,0.22,2,
829,0.45,0.48,0.56,0.56,0.5,0,0.47,0.22,2,
830,0.56,0.48,0.5,0.17,0.5,0,0.51,0.26,3,
831,0.77,0.57,0.45,0.17,0.5,0,0.53,0.22,3,
832,0.56,0.59,0.54,0.18,0.5,0,0.48,0.46,2,
833,0.33,0.39,0.52,0.09,0.5,0,0.47,0.28,2,
834,0.48,0.41,0.54,0.39,0.5,0,0.51,0.22,2,
835,0.3,0.3,0.46,0.32,0.5,0,0.45,0.22,2,
836,0.38,0.26,0.6,0.1,0.5,0,0.48,0.44,2,
837,0.68,0.39,0.5,0.15,0.5,0,0.48,0.37,2,
838,0.62,0.41,0.52,0.17,0.5,0,0.48,0.22,2,
839,0.52,0.37,0.48,0.13,0.5,0,0.55,0.22,2,
840,0.32,0.48,0.49,0.17,0.5,0,0.47,0.22,2,
841,0.34,0.35,0.58,0.2,0.5,0,0.46,0.32,2,
842,0.33,0.21,0.53,0.15,1,0,0.52,0.5,2,
843,0.49,0.45,0.57,0.24,0.5,0,0.47,0.38,2,
844,0.4,0.28,0.48,0.06,0.5,0,0.49,0.42,2,
845,0.51,0.39,0.56,0.25,0.5,0,0.51,0.33,2,
846,0.45,0.45,0.52,0.17,0.5,0,0.54,0.22,3,
847,0.28,0.51,0.55,0.19,0.5,0,0.57,0.22,3,
848,0.51,0.51,0.56,0.28,0.5,0,0.54,0.27,3,
849,0.48,0.56,0.49,0.32,0.5,0,0.5,0.22,3,
850,0.59,0.46,0.48,0.46,0.5,0,0.49,0.22,3,
851,0.51,0.46,0.4,0.65,0.5,0,0.49,0.22,1,
852,0.37,0.44,0.51,0.56,0.5,0,0.5,0.38,2,
853,0.81,0.55,0.35,0.34,0.5,0,0.51,0.22,6,
854,0.53,0.45,0.53,0.18,0.5,0,0.42,0.22,3,
855,0.45,0.27,0.5,0.33,0.5,0,0.53,0.26,3,
856,0.36,0.33,0.38,0.15,0.5,0,0.55,0.36,7,
857,0.48,0.5,0.56,0.11,0.5,0,0.33,0.22,3,
858,0.35,0.47,0.53,0.19,0.5,0,0.48,0.22,3,
859,0.48,0.48,0.56,0.18,0.5,0,0.58,0.22,3,
860,0.6,0.59,0.47,0.47,0.5,0,0.53,0.22,1,
861,0.45,0.53,0.51,0.42,0.5,0,0.52,0.22,1,
862,0.29,0.4,0.41,0.48,0.5,0,0.53,0.3,2,
863,0.58,0.53,0.33,0.26,0.5,0,0.51,0.22,7,
864,0.46,0.43,0.5,0.24,0.5,0,0.48,0.31,3,
865,0.43,0.46,0.5,0.21,0.5,0,0.49,0.34,3,
866,0.61,0.55,0.51,0.26,0.5,0,0.52,0.22,3,
867,0.5,0.62,0.52,0.3,0.5,0,0.56,0.22,1,
868,0.49,0.45,0.54,0.4,0.5,0,0.55,0.22,1,
869,0.64,0.53,0.59,0.14,0.5,0,0.53,0.22,1,
870,0.57,0.6,0.54,0.17,0.5,0,0.52,0.22,1,
871,0.38,0.31,0.59,0.19,0.5,0,0.46,0.22,1,
872,0.68,0.53,0.44,0.31,0.5,0,0.51,0.22,1,
873,0.24,0.41,0.47,0.16,0.5,0,0.51,0.38,2,
874,0.61,0.39,0.53,0.14,0.5,0,0.43,0.26,2,
875,0.39,0.16,0.59,0.08,0.5,0,0.51,0.27,2,
876,0.33,0.28,0.5,0.4,0.5,0,0.46,0.61,2,
877,0.51,0.55,0.56,0.18,0.5,0,0.5,0.38,2,
878,0.39,0.44,0.54,0.24,0.5,0,0.51,0.49,2,
879,0.43,0.48,0.53,0.18,0.5,0,0.46,0.22,2,
880,0.47,0.43,0.48,0.16,0.5,0,0.46,0.27,2,
881,0.52,0.5,0.51,0.2,0.5,0,0.51,0.22,2,
882,0.33,0.28,0.52,0.15,0.5,0,0.51,0.86,2,
883,0.36,0.48,0.5,0.13,0.5,0,0.49,0.6,2,
884,0.45,0.54,0.49,0.29,0.5,0,0.49,0.25,2,
885,0.55,0.59,0.53,0.15,0.5,0,0.49,0.22,2,
886,0.31,0.39,0.55,0.28,0.5,0,0.46,0.31,2,
887,0.43,0.41,0.51,0.34,0.5,0,0.49,0.28,2,
888,0.64,0.5,0.53,0.1,0.5,0,0.51,0.22,2,
889,0.41,0.52,0.56,0.26,0.5,0,0.48,0.32,2,
890,0.48,0.47,0.59,0.41,0.5,0,0.56,0.27,2,
891,0.49,0.49,0.51,0.29,0.5,0,0.52,0.71,2,
892,0.41,0.52,0.51,0.22,0.5,0,0.52,0.44,2,
893,0.51,0.61,0.5,0.23,0.5,0,0.52,0.61,2,
894,0.59,0.47,0.51,0.53,0.5,0,0.53,0.26,3,
895,0.4,0.6,0.5,0.16,0.5,0,0.51,0.22,3,
896,0.54,0.53,0.53,0.17,0.5,0,0.51,0.39,2,
897,0.61,0.46,0.54,0.11,0.5,0,0.47,0.22,3,
898,0.66,0.55,0.54,0.18,0.5,0,0.43,0.22,3,
899,0.53,0.46,0.54,0.37,0.5,0,0.51,0.3,2,
900,0.41,0.41,0.43,0.61,0.5,0,0.53,0.22,1,
901,0.58,0.31,0.6,0.12,0.5,0,0.47,0.33,2,
902,0.49,0.67,0.5,0.28,0.5,0,0.43,0.22,2,
903,0.44,0.33,0.55,0.16,0.5,0,0.49,0.22,2,
904,0.44,0.45,0.53,0.19,0.5,0,0.41,0.28,2,
905,0.57,0.55,0.52,0.16,0.5,0,0.49,0.39,2,
906,0.45,0.66,0.39,0.11,0.5,0,0.54,0.22,7,
907,0.32,0.49,0.53,0.28,0.5,0,0.5,0.5,2,
908,0.35,0.42,0.56,0.28,0.5,0,0.47,0.22,2,
909,0.46,0.41,0.58,0.1,0.5,0,0.48,0.22,2,
910,0.57,0.51,0.58,0.22,0.5,0,0.51,0.22,2,
911,0.47,0.47,0.54,0.19,0.5,0,0.51,0.33,2,
912,0.34,0.58,0.5,0.26,0.5,0,0.51,0.22,2,
913,0.55,0.45,0.58,0.25,0.5,0,0.49,0.22,2,
914,0.4,0.66,0.34,0.21,0.5,0,0.52,0.26,2,
915,0.42,0.21,0.59,0.3,0.5,0,0.47,0.27,2,
916,0.6,0.48,0.46,0.32,0.5,0,0.4,0.33,3,
917,0.64,0.44,0.51,0.35,0.5,0,0.53,0.22,3,
918,0.35,0.4,0.44,0.25,0.5,0,0.53,0.57,2,
919,0.55,0.38,0.64,0.42,0.5,0,0.47,0.22,1,
920,0.45,0.43,0.5,0.25,0.5,0,0.47,0.22,1,
921,0.47,0.53,0.48,0.51,0.5,0,0.54,0.22,1,
922,0.45,0.49,0.57,0.25,0.5,0,0.48,0.22,2,
923,0.45,0.52,0.5,0.12,0.5,0,0.6,0.22,3,
924,0.56,0.51,0.32,0.49,0.5,0,0.48,0.22,2,
925,0.37,0.58,0.5,0.22,0.5,0,0.47,0.22,2,
926,0.47,0.45,0.51,0.33,0.5,0,0.46,0.26,2,
927,0.5,0.36,0.64,0.37,0.5,0,0.37,0.33,2,
928,0.43,0.44,0.64,0.19,0.5,0,0.38,0.33,2,
929,0.38,0.4,0.59,0.25,0.5,0,0.44,0.22,3,
930,0.39,0.39,0.59,0.25,0.5,0,0.45,0.22,3,
931,0.54,0.55,0.56,0.14,0.5,0,0.5,0.25,3,
932,0.45,0.5,0.57,0.29,0.5,0,0.44,0.11,3,
933,0.45,0.5,0.57,0.29,0.5,0,0.44,0.11,3,
934,0.61,0.38,0.57,0.36,0.5,0,0.44,0.21,3,
935,0.61,0.38,0.57,0.36,0.5,0,0.44,0.21,3,
936,0.43,0.33,0.54,0.37,0.5,0,0.38,0.16,3,
937,0.43,0.33,0.54,0.37,0.5,0,0.38,0.16,3,
938,0.51,0.39,0.58,0.19,0.5,0,0.47,0.22,3,
939,0.72,0.51,0.52,0.08,0.5,0,0.54,0.22,2,
940,0.35,0.41,0.53,0.27,0.5,0,0.47,0.29,2,
941,0.56,0.49,0.54,0.15,0.5,0,0.5,0.35,2,
942,0.57,0.37,0.43,0.27,0.5,0,0.53,0.28,2,
943,0.57,0.49,0.61,0.26,0.5,0,0.52,0.22,2,
944,0.48,0.45,0.63,0.19,0.5,0,0.58,0.22,2,
945,0.34,0.48,0.47,0.19,0.5,0,0.5,0.3,2,
946,0.54,0.57,0.55,0.18,0.5,0,0.5,0.22,2,
947,0.38,0.44,0.55,0.44,0.5,0,0.47,0.51,2,
948,0.4,0.3,0.57,0.13,0.5,0,0.46,0.22,2,
949,0.27,0.31,0.55,0.13,0.5,0,0.5,0.22,2,
950,0.52,0.46,0.56,0.25,0.5,0,0.52,0.22,2,
951,0.44,0.5,0.55,0.24,0.5,0,0.48,0.22,2,
952,0.34,0.47,0.48,0.32,0.5,0,0.42,0.22,2,
953,0.5,0.56,0.63,0.25,0.5,0,0.42,0.22,2,
954,0.46,0.53,0.47,0.37,0.5,0,0.51,0.36,2,
955,0.31,0.6,0.65,0.18,0.5,0,0.46,0.22,2,
956,0.57,0.42,0.63,0.22,0.5,0,0.68,0.32,2,
957,0.37,0.45,0.53,0.14,0.5,0,0.49,0.22,2,
958,0.38,0.38,0.54,0.24,0.5,0,0.54,0.22,2,
959,0.36,0.49,0.55,0.21,0.5,0,0.55,0.33,2,
960,0.29,0.4,0.5,0.16,0.5,0,0.51,0.34,2,
961,0.37,0.3,0.51,0.15,0.5,0,0.58,0.26,2,
962,0.35,0.33,0.48,0.42,0.5,0,0.47,0.43,3,
963,0.46,0.35,0.69,0.18,0.5,0,0.3,0.25,3,
964,0.46,0.35,0.69,0.18,0.5,0,0.3,0.25,3,
965,0.57,0.43,0.52,0.3,0.5,0,0.37,0.11,3,
966,0.57,0.43,0.52,0.3,0.5,0,0.37,0.11,3,
967,0.59,0.51,0.48,0.12,0.5,0,0.54,0.31,3,
968,0.59,0.51,0.48,0.12,0.5,0,0.54,0.31,3,
969,0.61,0.53,0.59,0.17,0.5,0,0.44,0.28,3,
970,0.61,0.48,0.56,0.19,0.5,0,0.53,0.31,3,
971,0.61,0.48,0.56,0.19,0.5,0,0.53,0.31,3,
972,0.44,0.56,0.52,0.18,0.5,0,0.5,0.11,3,
973,0.36,0.56,0.52,0.18,0.5,0,0.45,0.16,3,
974,0.37,0.44,0.64,0.48,0.5,0,0.36,0.27,3,
975,0.72,0.37,0.63,0.38,0.5,0,0.4,0.14,3,
976,0.72,0.37,0.63,0.38,0.5,0,0.4,0.14,3,
977,0.44,0.36,0.64,0.45,0.5,0,0.53,0.11,3,
978,0.58,0.45,0.55,0.27,0.5,0,0.48,0.11,3,
979,0.63,0.64,0.45,0.26,0.5,0,0.43,0.22,3,
980,0.63,0.64,0.45,0.26,0.5,0,0.43,0.22,3,
981,0.43,0.33,0.67,0.12,0.5,0,0.45,0.23,3,
982,0.43,0.33,0.67,0.12,0.5,0,0.43,0.23,3,
983,0.58,0.44,0.5,0.26,0.5,0,0.52,0.22,3,
984,0.38,0.43,0.53,0.22,0.5,0,0.48,0.11,3,
985,0.4,0.45,0.61,0.29,0.5,0,0.44,0.22,3,
986,0.4,0.45,0.61,0.29,0.5,0,0.44,0.22,3,
987,0.34,0.34,0.65,0.4,0.5,0,0.32,0.16,3,
988,0.34,0.34,0.65,0.4,0.5,0,0.32,0.16,3,
989,0.43,0.22,0.79,0.79,0.5,0,0.22,0,3,
990,0.35,0.21,1,0.8,0.5,0,0.13,0.01,3,
991,0.35,0.21,1,0.8,0.5,0,0.13,0.01,3,
992,0.56,0.35,0.47,0.41,0.5,0,0.5,0.22,3,
993,0.56,0.35,0.47,0.35,0.5,0,0.52,0.22,3,
994,0.54,0.44,0.55,0.48,0.5,0,0.47,0.22,3,
995,0.35,0.39,0.56,0.2,0.5,0,0.49,0.41,3,
996,0.48,0.46,0.58,0.16,0.5,0,0.45,0.22,3,
997,0.48,0.55,0.48,0.1,0.5,0,0.55,0.22,3,
998,0.66,0.6,0.52,0.19,0.5,0,0.69,0.22,3,
999,0.69,0.54,0.55,0.23,0.5,0,0.73,0.22,3,
1000,0.73,0.6,0.47,0.2,0.5,0,0.72,0.22,3,
1001,0.78,0.82,0.56,0.21,0.5,0,0.69,0.22,3,
1002,0.42,0.49,0.49,0.36,0.5,0,0.57,0.26,1,
1003,0.44,0.62,0.53,0.27,0.5,0,0.49,0.22,2,
1004,0.56,0.61,0.52,0.19,0.5,0,0.52,0.32,2,
1005,0.47,0.56,0.46,0.5,0.5,0,0.51,0.22,1,
1006,0.46,0.33,0.45,0.22,0.5,0,0.41,0.37,3,
1007,0.52,0.43,0.61,0.22,0.5,0,0.45,0.22,3,
1008,0.52,0.43,0.61,0.22,0.5,0,0.45,0.22,3,
1009,0.32,0.44,0.54,0.21,0.5,0,0.4,0.19,3,
1010,0.32,0.44,0.54,0.21,0.5,0,0.4,0.19,3,
1011,0.48,0.41,0.52,0.33,0.5,0,0.51,0.26,3,
1012,0.46,0.39,0.54,0.22,0.5,0,0.48,0.25,3,
1013,0.46,0.39,0.54,0.22,0.5,0,0.48,0.25,3,
1014,0.42,0.5,0.64,0.13,0.5,0,0.49,0.22,3,
1015,0.46,0.54,0.59,0.41,0.5,0,0.53,0.21,3,
1016,0.46,0.54,0.59,0.41,0.5,0,0.53,0.21,3,
1017,0.39,0.65,0.57,0.19,0.5,0,0.44,0.25,3,
1018,0.39,0.65,0.57,0.19,0.5,0,0.43,0.25,3,
1019,0.38,0.5,0.52,0.44,0.5,0,0.54,0.11,3,
1020,0.38,0.5,0.52,0.44,0.5,0,0.54,0.11,3,
1021,0.51,0.52,0.58,0.17,0.5,0,0.47,0.28,3,
1022,0.57,0.48,0.54,0.22,0.5,0,0.5,0.11,3,
1023,0.5,0.5,0.62,0.23,0.5,0,0.35,0.11,3,
1024,0.41,0.49,0.65,0.28,0.5,0,0.59,0.57,3,
1025,0.53,0.57,0.6,0.36,0.5,0,0.5,0.22,3,
1026,0.53,0.57,0.6,0.36,0.5,0,0.5,0.22,3,
1027,0.37,0.3,0.62,0.43,0.5,0,0.44,0.39,3,
1028,0.37,0.3,0.62,0.43,0.5,0,0.44,0.39,3,
1029,0.6,0.57,0.52,0.14,0.5,0,0.46,0.48,2,
1030,0.42,0.38,0.52,0.29,0.5,0,0.42,0.22,2,
1031,0.41,0.46,0.58,0.08,0.5,0,0.51,0.28,2,
1032,0.49,0.4,0.58,0.23,0.5,0,0.47,0.27,3,
1033,0.37,0.37,0.51,0.38,0.5,0,0.44,0.22,3,
1034,0.57,0.5,0.4,0.08,0.5,0,0.47,0.22,7,
1035,0.51,0.4,0.5,0.28,0.5,0,0.48,0.27,3,
1036,0.34,0.25,0.55,0.28,0.5,0,0.51,0.49,3,
1037,0.77,0.86,0.44,0.27,0.5,0,0.48,0.22,4,
1038,0.59,0.54,0.53,0.14,0.5,0,0.48,0.22,3,
1039,0.5,0.48,0.48,0.23,0.5,0,0.53,0.68,3,
1040,0.39,1,0.38,0.41,0.5,0,0.5,0.27,1,
1041,0.56,0.42,0.52,0.14,0.5,0,0.51,0.22,3,
1042,0.39,0.46,0.33,0.18,0.5,0,0.53,0.22,7,
1043,0.52,0.54,0.47,0.49,0.5,0,0.54,0.22,1,
1044,0.46,0.49,0.55,0.18,0.5,0,0.56,0.22,2,
1045,0.56,0.65,0.49,0.56,0.5,0,0.49,0.22,1,
1046,0.53,0.51,0.55,0.57,0.5,0,0.46,0.22,1,
1047,0.54,0.64,0.4,0.56,0.5,0,0.51,0.22,1,
1048,0.47,0.58,0.47,0.52,0.5,0,0.54,0.22,1,
1049,0.46,0.42,0.51,0.16,0.5,0,0.56,0.22,3,
1050,0.6,0.51,0.49,0.18,0.5,0,0.53,0.38,3,
1051,0.85,0.66,0.49,0.18,0.5,0,0.51,0.22,4,
1052,0.55,0.52,0.44,0.2,0.5,0,0.56,0.22,6,
1053,0.49,0.38,0.56,0.09,0.5,0,0.46,0.22,3,
1054,0.38,0.4,0.53,0.12,0.5,0,0.55,0.22,3,
1055,0.55,0.55,0.52,0.13,0.5,0,0.53,0.25,3,
1056,0.46,0.44,0.58,0.17,0.5,0,0.55,0.22,3,
1057,0.34,0.46,0.52,0.19,0.5,0,0.53,0.26,3,
1058,0.58,0.56,0.46,0.14,0.5,0,0.51,0.22,3,
1059,0.46,0.47,0.44,0.18,1,0,0.46,0.22,6,
1060,0.44,0.71,0.5,0.21,0.5,0,0.54,0.27,3,
1061,0.56,0.49,0.32,0.22,0.5,0,0.5,0.22,6,
1062,0.41,0.49,0.47,0.09,0.5,0,0.49,0.22,3,
1063,0.44,0.51,0.53,0.3,0.5,0,0.53,0.22,3,
1064,0.54,0.51,0.56,0.15,0.5,0,0.54,0.31,3,
1065,0.51,0.51,0.32,0.27,0.5,0,0.54,0.22,7,
1066,0.46,0.38,0.51,0.2,0.5,0,0.51,0.22,3,
1067,0.55,0.72,0.35,0.26,0.5,0,0.49,0.22,7,
1068,0.54,0.44,0.35,0.19,0.5,0,0.51,0.27,7,
1069,0.65,0.66,0.37,0.12,0.5,0,0.52,0.27,7,
1070,0.41,0.4,0.56,0.17,0.5,0,0.56,0.22,3,
1071,0.39,0.71,0.38,0.14,0.5,0,0.5,0.22,6,
1072,0.37,0.42,0.46,0.15,0.5,0,0.51,0.31,6,
1073,0.59,0.55,0.57,0.18,0.5,0,0.51,0.22,3,
1074,0.48,0.51,0.5,0.24,0.5,0,0.54,0.38,3,
1075,0.39,0.3,0.63,0.2,0.5,0,0.43,0.47,3,
1076,0.47,0.52,0.54,0.25,0.5,0,0.54,0.29,1,
1077,0.77,0.82,0.4,0.36,0.5,0,0.38,0.22,4,
1078,0.52,0.55,0.39,0.09,1,0,0.55,0.25,7,
1079,0.42,0.28,0.33,0.23,0.5,0,0.39,0.26,7,
1080,0.47,0.37,0.46,0.28,0.5,0,0.52,0.99,2,
1081,0.48,0.5,0.47,0.29,0.5,0,0.46,0.27,2,
1082,0.3,0.33,0.55,0.12,0.5,0,0.53,0.38,3,
1083,0.49,0.49,0.52,0.18,0.5,0,0.51,0.25,2,
1084,0.54,0.59,0.57,0.34,0.5,0,0.49,0.22,2,
1085,0.7,0.78,0.53,0.24,0.5,0,0.48,0.22,8,
1086,0.85,0.69,0.34,0.31,0.5,0,0.57,0.3,4,
1087,0.56,0.59,0.45,0.15,0.5,0,0.54,0.22,1,
1088,0.47,0.56,0.53,0.44,0.5,0,0.53,0.22,1,
1089,0.53,0.49,0.47,0.21,0.5,0,0.53,0.22,3,
1090,0.7,0.57,0.34,0.19,0.5,0,0.53,0.27,6,
1091,0.42,0.43,0.67,0.7,0.5,0,0.42,0.25,3,
1092,0.47,0.44,0.53,0.18,0.5,0,0.47,0.29,2,
1093,0.4,0.49,0.53,0.23,0.5,0,0.44,0.26,2,
1094,0.45,0.65,0.51,0.17,0.5,0,0.49,0.22,2,
1095,0.42,0.42,0.55,0.31,0.5,0,0.43,0.22,2,
1096,0.45,0.41,0.53,0.49,0.5,0,0.49,0.31,2,
1097,0.42,0.28,0.49,0.22,0.5,0,0.55,0.34,2,
1098,0.47,0.5,0.47,0.22,0.5,0,0.53,0.45,2,
1099,0.33,0.42,0.55,0.23,0.5,0,0.52,0.43,2,
1100,0.56,0.55,0.57,0.15,0.5,0,0.54,0.25,3,
1101,0.37,0.47,0.49,0.12,0.5,0,0.47,0.31,2,
1102,0.32,0.6,0.48,0.13,0.5,0,0.53,0.22,2,
1103,0.38,0.42,0.31,0.35,0.5,0,0.52,0.22,7,
1104,0.46,0.56,0.56,0.25,0.5,0,0.43,0.22,2,
1105,0.47,0.55,0.57,0.17,0.5,0,0.52,0.66,2,
1106,0.37,0.55,0.52,0.13,0.5,0,0.42,0.8,3,
1107,0.46,0.48,0.38,0.22,0.5,0,0.39,0.45,7,
1108,0.8,0.69,0.53,0.33,0.5,0,0.51,0.22,6,
1109,0.52,0.65,0.36,0.37,0.5,0,0.52,0.34,7,
1110,0.19,0.16,0.68,0.36,0.5,0,0.49,0.21,2,
1111,0.64,0.31,0.53,0.15,0.5,0,0.53,0.31,3,
1112,0.4,0.43,0.36,0.33,0.5,0,0.51,0.22,7,
1113,0.47,0.56,0.51,0.2,0.5,0,0.52,0.59,2,
1114,0.4,0.75,0.44,0.12,0.5,0,0.49,0.22,2,
1115,0.48,0.55,0.58,0.18,0.5,0,0.38,0.69,2,
1116,0.57,0.51,0.34,0.13,0.5,0,0.53,0.27,1,
1117,0.23,0.37,0.32,0.13,0.5,0,0.53,0.22,1,
1118,0.54,0.5,0.51,0.26,0.5,0,0.52,0.22,3,
1119,0.6,0.64,0.56,0.36,0.5,0,0.46,0.27,3,
1120,0.27,0.41,0.24,0.2,0.5,0,0.49,0.22,7,
1121,0.25,0.35,0.22,0.18,0.5,0,0.46,0.22,7,
1122,0.39,0.45,0.51,0.29,0.5,0,0.54,0.22,3,
1123,0.33,0.47,0.55,0.24,0.5,0,0.45,0.67,2,
1124,0.37,0.4,0.38,0.18,0.5,0,0.51,0.22,7,
1125,0.43,0.47,0.47,0.18,0.5,0,0.47,0.22,3,
1126,0.66,0.43,0.57,0.6,0.5,0,0.19,0.33,2,
1127,0.55,0.4,0.62,0.22,0.5,0,0.37,0.28,2,
1128,0.33,0.46,0.6,0.18,0.5,0,0.51,0.26,2,
1129,0.51,0.5,0.54,0.11,0.5,0,0.6,0.22,2,
1130,0.54,0.6,0.57,0.17,0.5,0,0.44,0.22,2,
1131,0.45,0.57,0.38,0.28,0.5,0,0.53,0.31,7,
1132,0.55,0.57,0.51,0.07,0.5,0,0.55,0.22,3,
1133,0.54,0.47,0.58,0.4,0.5,0,0.46,0.27,1,
1134,0.36,0.32,0.55,0.27,0.5,0,0.47,0.43,2,
1135,0.46,0.41,0.45,0.23,0.5,0,0.48,0.22,2,
1136,0.4,0.39,0.6,0.23,0.5,0,0.52,0.31,2,
1137,0.52,0.47,0.58,0.18,0.5,0,0.34,0.11,3,
1138,0.52,0.47,0.58,0.18,0.5,0,0.34,0.11,3,
1139,0.5,0.45,0.51,0.19,0.5,0,0.53,0.25,3,
1140,0.57,0.55,0.51,0.18,0.5,0,0.51,0.43,2,
1141,0.44,0.43,0.46,0.28,0.5,0,0.45,0.29,2,
1142,0.46,0.5,0.5,0.28,0.5,0,0.5,0.37,2,
1143,0.66,0.65,0.54,0.4,0.5,0,0.51,0.22,5,
1144,0.77,0.73,0.49,0.46,0.5,0,0.38,0.22,5,
1145,0.38,0.58,0.46,0.21,0.5,0,0.52,0.22,2,
1146,0.32,0.68,0.51,0.16,0.5,0.83,0.55,0.22,9,
1147,0.27,0.46,0.52,0.17,0.5,0,0.49,0.44,2,
1148,0.52,0.45,0.45,0.13,0.5,0,0.48,0.22,2,
1149,0.37,0.29,0.45,0.15,0.5,0,0.49,0.22,2,
1150,0.37,0.48,0.67,0.37,0.5,0,0.56,0.62,2,
1151,0.44,0.59,0.54,0.18,0.5,0,0.49,0.22,2,
1152,0.48,0.65,0.36,0.24,0.5,0,0.54,0.31,2,
1153,0.59,0.49,0.45,0.22,0.5,0,0.45,0.31,2,
1154,0.73,0.52,0.59,0.25,0.5,0,0.51,0.22,2,
1155,0.5,0.43,0.5,0.17,0.5,0,0.46,0.47,2,
1156,0.23,0.13,0.51,0.16,0.5,0,0.53,0.51,2,
1157,0.49,0.6,0.54,0.35,0.5,0,0.53,0.46,2,
1158,0.52,0.31,0.56,0.16,0.5,0,0.55,0.22,2,
1159,0.49,0.48,0.51,0.21,0.5,0,0.53,0.22,2,
1160,0.49,0.6,0.42,0.18,0.5,0,0.58,0.28,2,
1161,0.6,0.62,0.54,0.11,0.5,0,0.51,0.22,2,
1162,0.55,0.47,0.53,0.2,0.5,0,0.4,0.22,2,
1163,0.47,0.32,0.51,0.24,0.5,0,0.54,0.27,2,
1164,0.53,0.25,0.59,0.27,0.5,0,0.45,0.26,2,
1165,0.31,0.5,0.54,0.32,0.5,0,0.53,0.31,2,
1166,0.25,0.33,0.48,0.18,0.5,0,0.42,0.33,2,
1167,0.55,0.46,0.47,0.15,0.5,0,0.47,0.22,7,
1168,0.61,0.5,0.61,0.21,0.5,0,0.55,0.54,3,
1169,0.5,0.52,0.51,0.22,0.5,0,0.46,0.37,3,
1170,0.62,0.33,0.49,0.24,0.5,0,0.51,0.42,3,
1171,0.56,0.52,0.46,0.17,0.5,0,0.49,0.73,3,
1172,0.52,0.56,0.55,0.16,0.5,0,0.53,0.39,3,
1173,0.53,0.48,0.51,0.18,0.5,0,0.52,0.27,3,
1174,0.51,0.48,0.51,0.19,0.5,0,0.51,0.27,3,
1175,0.51,0.48,0.51,0.26,0.5,0,0.51,0.27,3,
1176,0.53,0.48,0.51,0.18,0.5,0,0.51,0.27,3,
1177,0.6,0.46,0.51,0.1,0.5,0,0.48,0.31,3,
1178,0.6,0.46,0.51,0.1,0.5,0,0.48,0.31,3,
1179,0.44,0.39,0.63,0.11,0.5,0,0.49,0.26,2,
1180,0.51,0.5,0.49,0.45,0.5,0,0.48,0.22,1,
1181,0.45,0.45,0.51,0.3,0.5,0,0.48,0.44,3,
1182,0.38,0.42,0.47,0.12,0.5,0,0.47,0.53,2,
1183,0.19,0.66,0.6,0.14,0.5,0,0.2,0.25,2,
1184,0.41,0.42,0.23,0.16,0.5,0,0.4,0.22,7,
1185,0.25,0.42,0.21,0.14,0.5,0,0.41,0.22,7,
1186,0.7,0.58,0.53,0.39,0.5,0,0.59,0.22,5,
1187,0.49,0.31,0.43,0.24,0.5,0,0.54,0.22,7,
1188,0.46,0.41,0.43,0.18,0.5,0,0.54,0.22,7,
1189,0.83,0.81,0.45,0.38,0.5,0,0.4,0.26,5,
1190,0.38,0.51,0.56,0.21,0.5,0,0.48,0.31,2,
1191,0.32,0.36,0.28,0.38,0.5,0,0.5,0.4,7,
1192,0.4,0.65,0.38,0.17,0.5,0,0.57,0.22,7,
1193,0.36,0.37,0.63,0.25,0.5,0,0.3,0.22,3,
1194,0.49,0.55,0.41,0.19,0.5,0,0.48,0.31,7,
1195,0.3,0.45,0.55,0.19,0.5,0,0.53,0.4,3,
1196,0.88,0.72,0.32,0.3,0.5,0,0.52,0.33,4,
1197,0.44,0.4,0.53,0.19,0.5,0,0.48,0.27,3,
1198,0.45,0.57,0.52,0.21,0.5,0,0.54,0.38,2,
1199,0.46,0.61,0.38,0.35,0.5,0,0.49,0.22,7,
1200,0.55,0.41,0.67,0.61,0.5,0,0.49,0.14,1,
1201,0.28,0.18,0.72,0.26,0.5,0,0.49,0.25,1,
1202,0.66,0.65,0.53,0.17,0.5,0,0.47,0.66,2,
1203,0.36,0.5,0.39,0.23,0.5,0,0.5,0.22,7,
1204,0.48,0.54,0.56,0.29,0.5,0,0.51,0.43,2,
1205,0.33,0.37,0.49,0.22,0.5,0,0.55,0.22,3,
1206,0.58,0.43,0.32,0.11,0.5,0,0.49,0.22,8,
1207,0.58,0.64,0.42,0.3,0.5,0,0.54,0.22,2,
1208,0.74,0.82,0.46,0.24,0.5,0,0.5,0.31,5,
1209,0.74,0.82,0.46,0.24,0.5,0,0.48,0.22,5,
1210,0.75,0.76,0.58,0.22,0.5,0,0.49,0.22,5,
1211,0.58,0.37,0.58,0.16,0.5,0,0.51,0.22,2,
1212,0.39,0.39,0.65,0.16,0.5,0,0.45,0.22,3,
1213,0.51,0.59,0.55,0.21,0.5,0,0.52,0.22,3,
1214,0.41,0.35,0.6,0.22,0.5,0,0.56,0.79,3,
1215,0.43,0.28,0.41,0.32,0.5,0,0.52,0.22,7,
1216,0.41,0.49,0.55,0.13,0.5,0,0.55,0.22,3,
1217,0.23,0.29,0.46,0,0.5,0,0.43,0.31,3,
1218,0.25,0.48,0.45,0.32,0.5,0,0.4,0.22,3,
1219,0.38,0.34,0.55,0.44,0.5,0,0.48,0.26,3,
1220,0.61,0.54,0.54,0.38,0.5,0,0.54,0.29,1,
1221,0.48,0.17,0.37,0.33,0.5,0,0.44,0.36,2,
1222,0.47,0.47,0.5,0.19,0.5,0,0.51,0.26,2,
1223,0.55,0.38,0.52,0.16,0.5,0,0.49,0.64,2,
1224,0.41,0.39,0.61,0.17,0.5,0,0.5,0.61,2,
1225,0.41,0.56,0.53,0.16,0.5,0,0.55,0.26,2,
1226,0.78,0.73,0.27,0.28,0.5,0,0.56,0.22,4,
1227,0.31,0.51,0.38,0.18,0.5,0,0.46,0.31,7,
1228,0.63,0.64,0.49,0.2,0.5,0,0.52,0.25,3,
1229,0.31,0.4,0.31,0.17,0.5,0,0.52,0.22,7,
1230,0.44,0.65,0.49,0.16,0.5,0,0.48,0.31,2,
1231,0.48,0.44,0.46,0.37,0.5,0,0.46,0.36,3,
1232,0.5,0.49,0.46,0.22,0.5,0,0.53,0.25,3,
1233,0.62,0.42,0.47,0.16,0.5,0,0.52,0.22,3,
1234,0.5,0.45,0.52,0.18,0.5,0,0.52,0.22,3,
1235,0.59,0.51,0.47,0.21,0.5,0,0.47,0.22,3,
1236,0.39,0.47,0.49,0.2,0.5,0,0.53,0.26,3,
1237,0.49,0.48,0.52,0.24,0.5,0,0.5,0.22,3,
1238,0.59,0.48,0.49,0.42,0.5,0,0.52,0.22,3,
1239,0.57,0.35,0.5,0.43,0.5,0,0.53,0.22,3,
1240,0.61,0.52,0.5,0.44,0.5,0,0.53,0.22,3,
1241,0.49,0.51,0.52,0.13,0.5,0,0.51,0.33,2,
1242,0.45,0.4,0.56,0.15,0.5,0,0.52,0.22,2,
1243,0.63,0.43,0.48,0.11,0.5,0,0.51,0.22,3,
1244,0.63,0.43,0.48,0.11,0.5,0,0.51,0.22,3,
1245,0.52,0.45,0.53,0.34,0.5,0,0.52,0.44,3,
1246,0.54,0.48,0.55,0.33,0.5,0,0.55,0.4,3,
1247,0.55,0.79,0.45,0.25,0.5,0,0.51,0.22,2,
1248,0.58,0.51,0.63,0.2,0.5,0,0.5,0.42,2,
1249,0.63,0.58,0.57,0.1,0.5,0,0.52,0.33,2,
1250,0.54,0.67,0.56,0.15,0.5,0,0.57,0.33,2,
1251,0.41,0.59,0.65,0.14,0.5,0,0.49,0.33,2,
1252,0.47,0.38,0.5,0.15,0.5,0,0.49,0.47,2,
1253,0.33,0.17,0.52,0.13,0.5,0,0.51,0.75,2,
1254,0.42,0.5,0.59,0.17,0.5,0,0.51,0.22,3,
1255,0.54,0.55,0.55,0.4,0.5,0,0.53,0.22,3,
1256,0.31,0.31,0.57,0.15,0.5,0,0.5,0.22,3,
1257,0.38,0.42,0.5,0.19,0.5,0,0.44,0.22,3,
1258,0.33,0.36,0.62,0.26,0.5,0,0.55,0.22,3,
1259,0.38,0.42,0.5,0.19,0.5,0,0.44,0.22,3,
1260,0.47,0.56,0.58,0.19,0.5,0,0.44,0.64,3,
1261,0.32,0.32,0.52,0.18,0.5,0,0.48,0.34,3,
1262,0.28,0.27,0.5,0.14,0.5,0,0.5,0.28,3,
1263,0.41,0.46,0.57,0.25,0.5,0,0.57,0.38,3,
1264,0.44,0.54,0.51,0.16,0.5,0,0.58,0.22,3,
1265,0.44,0.55,0.51,0.16,0.5,0,0.6,0.22,3,
1266,0.77,0.7,0.44,0.29,0.5,0,0.56,0.22,4,
1267,0.4,0.56,0.53,0.15,0.5,0,0.49,0.22,3,
1268,0.79,0.79,0.42,0.26,0.5,0,0.6,0.22,4,
1269,0.8,0.83,0.43,0.24,0.5,0,0.54,0.22,4,
1270,0.58,0.55,0.51,0.13,0.5,0,0.52,0.22,3,
1271,0.55,0.69,0.51,0.12,0.5,0,0.51,0.22,3,
1272,0.47,0.46,0.53,0.12,0.5,0,0.51,0.25,2,
1273,0.57,0.29,0.63,0.22,0.5,0,0.49,0.27,2,
1274,0.52,0.49,0.59,0.21,0.5,0,0.47,0.22,2,
1275,0.41,0.42,0.53,0.17,0.5,0,0.48,0.58,2,
1276,0.45,0.36,0.5,0.19,0.5,0,0.53,0.7,2,
1277,0.53,0.51,0.54,0.21,0.5,0,0.45,0.22,2,
1278,0.49,0.5,0.42,0.43,0.5,0,0.5,0.36,8,
1279,0.44,0.49,0.49,0.27,0.5,0,0.52,0.22,3,
1280,0.25,0.26,0.53,0.17,0.5,0,0.45,0.22,3,
1281,0.49,0.46,0.54,0.18,0.5,0,0.35,0.22,3,
1282,0.42,0.37,0.54,0.17,0.5,0,0.51,0.22,3,
1283,0.42,0.45,0.75,0.21,0.5,0,0.48,0.22,3,
1284,0.39,0.45,0.75,0.17,0.5,0,0.51,0.22,3,
1285,0.63,0.54,0.53,0.27,0.5,0,0.49,0.22,3,
1286,0.54,0.43,0.48,0.27,0.5,0,0.44,0.41,3,
1287,0.4,0.44,0.5,0.13,0.5,0,0.52,0.39,3,
1288,0.55,0.39,0.39,0.47,0.5,0,0.5,0.83,7,
1289,0.59,0.48,0.41,0.53,0.5,0,0.48,0.56,7,
1290,0.49,0.38,0.49,0.15,0.5,0,0.53,0.25,2,
1291,0.53,0.45,0.52,0.29,0.5,0,0.55,0.38,1,
1292,0.62,0.6,0.54,0.22,0.5,0,0.54,0.27,3,
1293,0.33,0.46,0.53,0.12,0.5,0,0.5,0.27,3,
1294,0.57,0.36,0.51,0.25,0.5,0,0.54,0.25,3,
1295,0.45,0.76,0.51,0.25,0.5,0,0.59,0.22,3,
1296,0.48,0.44,0.51,0.24,0.5,0,0.49,0.22,3,
1297,0.59,0.64,0.44,0.26,0.5,0,0.5,0.22,3,
1298,0.79,0.56,0.53,0.19,0.5,0,0.47,0.35,3,
1299,0.5,0.5,0.48,0.34,0.5,0,0.52,0.27,2,
1300,0.79,0.62,0.35,0.35,0.5,0,0.6,0.28,6,
1301,0.52,0.5,0.6,0.2,0.5,0,0.52,0.22,3,
1302,0.59,0.46,0.57,0.17,0.5,0,0.52,0.22,3,
1303,0.53,0.42,0.53,0.19,0.5,0,0.47,0.22,3,
1304,0.59,0.46,0.55,0.17,0.5,0,0.52,0.25,3,
1305,0.61,0.73,0.5,0.58,0.5,0,0.5,0.22,1,
1306,0.5,0.43,0.56,0.17,0.5,0,0.35,0.22,2,
1307,0.36,0.52,0.61,0.33,0.5,0,0.52,0.37,2,
1308,0.66,0.54,0.53,0.17,0.5,0,0.54,0.22,3,
1309,0.52,0.51,0.48,0.12,0.5,0,0.54,0.31,3,
1310,0.56,0.46,0.51,0.25,0.5,0,0.54,0.22,3,
1311,0.47,0.46,0.49,0.27,0.5,0,0.59,0.22,3,
1312,0.5,0.46,0.49,0.27,0.5,0,0.6,0.22,3,
1313,0.43,0.48,0.36,0.26,0.5,0,0.52,0.22,7,
1314,0.5,0.44,0.57,0.28,0.5,0,0.57,0.22,3,
1315,0.46,0.47,0.62,0.3,0.5,0,0.38,0.22,3,
1316,0.59,0.7,0.46,0.19,0.5,0,0.54,0.44,3,
1317,0.19,0.41,0.55,0.13,0.5,0,0.52,0.25,3,
1318,0.27,0.43,0.5,0.13,0.5,0,0.54,0.31,3,
1319,0.42,0.46,0.44,0.17,0.5,0,0.51,0.42,3,
1320,0.49,0.36,0.47,0.28,0.5,0,0.56,0.54,2,
1321,0.42,0.51,0.33,0.16,0.5,0,0.54,0.22,7,
1322,0.34,0.42,0.48,0.19,0.5,0,0.46,0.31,2,
1323,0.6,0.57,0.63,0.22,0.5,0,0.5,0.49,2,
1324,0.53,0.44,0.54,0.52,0.5,0,0.49,0.38,2,
1325,0.48,0.39,0.56,0.23,0.5,0,0.6,0.22,3,
1326,0.56,0.49,0.47,0.13,0.5,0,0.52,0.22,2,
1327,0.47,0.59,0.56,0.09,0.5,0,0.5,0.22,3,
1328,0.4,0.28,0.58,0.44,0.5,0,0.41,0.22,3,
1329,0.54,0.35,0.55,0.19,0.5,0,0.3,0.22,3,
1330,0.5,0.47,0.45,0.14,0.5,0,0.53,0.32,7,
1331,0.55,0.49,0.6,0.18,0.5,0,0.51,0.22,2,
1332,0.55,0.44,0.5,0.09,0.5,0,0.55,0.22,8,
1333,0.66,0.37,0.6,0.25,0.5,0,0.69,0.22,1,
1334,0.51,0.49,0.48,0.55,0.5,0,0.52,0.58,3,
1335,0.36,0.51,0.51,0.17,0.5,0,0.52,0.22,8,
1336,0.68,0.68,0.35,0.16,0.5,0,0.62,0.22,8,
1337,0.44,0.35,0.55,0.14,0.5,0,0.52,0.22,8,
1338,0.73,0.59,0.35,0.15,0.5,0,0.54,0.22,8,
1339,0.6,0.37,0.52,0.15,0.5,0,0.55,0.26,8,
1340,0.64,0.61,0.56,0.15,0.5,0,0.54,0.22,8,
1341,0.48,0.58,0.58,0.12,0.5,0,0.49,0.22,8,
1342,0.65,0.58,0.53,0.21,0.5,0,0.51,0.22,8,
1343,0.48,0.49,0.49,0.26,0.5,0,0.39,0.27,8,
1344,0.57,0.54,0.32,0.15,0.5,0,0.52,0.25,8,
1345,0.4,0.36,0.32,0.16,0.5,0,0.51,0.27,8,
1346,0.5,0.55,0.52,0.16,0.5,0,0.51,0.31,3,
1347,0.65,0.63,0.47,0.22,0.5,0,0.52,0.27,3,
1348,0.41,0.48,0.51,0.2,0.5,0,0.51,0.22,3,
1349,0.25,0.4,0.54,0.16,0.5,0,0.43,0.22,3,
1350,0.63,0.56,0.52,0.21,0.5,0,0.5,0.22,3,
1351,0.56,0.68,0.42,0.36,0.5,0,0.49,0.22,3,
1352,0.57,0.47,0.48,0.17,0.5,0,0.52,0.26,8,
1353,0.46,0.52,0.51,0.13,0.5,0,0.47,0.22,3,
1354,0.5,0.4,0.57,0.17,0.5,0,0.59,0.22,3,
1355,0.78,0.71,0.35,0.25,0.5,0,0.49,0.22,4,
1356,0.64,0.56,0.52,0.17,0.5,0,0.54,0.47,2,
1357,1,0.8,0.29,0.36,0.5,0,0.52,0.22,4,
1358,0.51,0.39,0.56,0.55,0.5,0,0.46,0.64,1,
1359,0.69,0.66,0.36,0.09,0.5,0,0.56,0.22,4,
1360,0.4,0.45,0.45,0.15,0.5,0,0.53,0.48,2,
1361,0.49,0.53,0.36,0.15,0.5,0,0.52,0.27,7,
1362,0.39,0.63,0.41,0.27,0.5,0,0.49,0.22,7,
1363,0.45,0.51,0.43,0.22,0.5,0,0.57,0.22,2,
1364,0.77,0.78,0.27,0.37,0.5,0,0.49,0.22,4,
1365,0.88,0.75,0.41,0.36,0.5,0,0.43,0.22,6,
1366,0.49,0.49,0.4,0.2,0.5,0,0.48,0.26,7,
1367,0.57,0.53,0.6,0.28,0.5,0,0.52,0.45,2,
1368,0.53,0.52,0.49,0.27,0.5,0,0.51,0.22,3,
1369,0.5,0.47,0.56,0.31,0.5,0,0.56,0.26,3,
1370,0.71,0.79,0.41,0.38,0.5,0,0.54,0.22,4,
1371,0.33,0.49,0.46,0.22,0.5,0,0.53,0.33,7,
1372,0.47,0.41,0.46,0.18,0.5,0,0.53,0.22,7,
1373,0.45,0.39,0.46,0.29,0.5,0,0.42,0.22,1,
1374,0.59,0.56,0.5,0.48,0.5,0,0.46,0.22,1,
1375,0.32,0.3,0.57,0.38,0.5,0,0.5,0.25,2,
1376,0.26,0.3,0.37,0.15,0.5,0,0.53,0.25,7,
1377,0.28,0.41,0.46,0.18,0.5,0,0.47,0.39,2,
1378,0.45,0.5,0.43,0.16,0.5,0,0.52,0.28,7,
1379,0.24,0.25,0.57,0.28,0.5,0,0.51,0.11,3,
1380,0.46,0.61,0.55,0.29,0.5,0,0.49,0.22,1,
1381,0.54,0.44,0.38,0.22,0.5,0,0.54,0.3,7,
1382,0.22,0.53,0.36,0.22,0.5,0,0.54,0.31,7,
1383,0.25,0.41,0.47,0.14,0.5,0,0.56,0.68,2,
1384,0.43,0.41,0.37,0.18,0.5,0,0.54,0.31,7,
1385,0.4,0.44,0.47,0.25,0.5,0,0.54,0.56,2,
1386,0.46,0.59,0.38,0.12,0.5,0,0.5,0.22,7,
1387,0.8,0.82,0.4,0.31,0.5,0,0.57,0.25,4,
1388,0.29,0.39,0.46,0.36,0.5,0,0.51,0.22,2,
1389,0.4,0.4,0.43,0.19,0.5,0.83,0.48,0.22,9,
1390,0.57,0.52,0.46,0.2,0.5,0.83,0.52,0.41,9,
1391,0.43,0.6,0.4,0.12,0.5,0,0.49,0.29,7,
1392,0.56,0.71,0.47,0.21,0.5,0,0.52,0.22,1,
1393,0.65,0.62,0.26,0.33,0.5,0,0.55,0.22,7,
1394,0.77,0.7,0.37,0.12,0.5,0,0.49,0.26,4,
1395,0.47,0.61,0.32,0.27,0.5,0,0.5,0.3,7,
1396,0.71,0.51,0.49,0.23,0.5,0,0.3,0.32,6,
1397,0.59,0.48,0.49,0.49,0.5,0,0.36,0.32,3,
1398,0.58,0.63,0.52,0.7,0.5,0,0.46,0.22,1,
1399,0.3,0.68,0.41,0.17,0.5,0,0.51,0.22,7,
1400,0.74,0.73,0.32,0.2,0.5,0,0.55,0.22,4,
1401,0.55,0.35,0.36,0.29,0.5,0,0.51,0.22,7,
1402,0.35,0.32,0.31,0.16,0.5,0,0.56,0.22,7,
1403,0.67,0.61,0.39,0.24,0.5,0,0.51,0.22,7,
1404,0.69,0.57,0.39,0.19,0.5,0,0.48,0.39,6,
1405,0.47,0.41,0.53,0.27,0.5,0,0.47,0.25,1,
1406,0.39,0.56,0.34,0.18,0.5,0,0.49,0.22,7,
1407,0.51,0.38,0.42,0.21,0.5,0,0.46,0.34,7,
1408,0.32,0.45,0.39,0.14,0.5,0,0.45,0.22,7,
1409,0.75,0.73,0.35,0.33,0.5,0,0.49,0.28,4,
1410,0.54,0.54,0.56,0.18,0.5,0,0.46,0.29,2,
1411,0.71,0.64,0.42,0.28,0.5,0,0.43,0.22,5,
1412,0.28,0.48,0.36,0.16,0.5,0,0.53,0.22,7,
1413,0.58,0.44,0.45,0.32,0.5,0,0.52,0.37,2,
1414,0.52,0.65,0.36,0.26,0.5,0,0.44,0.22,7,
1415,0.64,0.44,0.56,0.15,0.5,0,0.56,0.22,3,
1416,0.48,0.58,0.47,0.17,0.5,0,0.53,0.74,3,
1417,0.42,0.71,0.45,0.15,0.5,0,0.48,0.22,7,
1418,0.38,0.37,0.36,0.14,0.5,0,0.54,0.22,7,
1419,0.4,0.4,0.44,0.37,0.5,0,0.53,0.25,2,
1420,0.38,0.56,0.38,0.16,0.5,0,0.53,0.22,7,
1421,0.8,0.79,0.43,0.25,0.5,0,0.52,0.22,5,
1422,0.63,0.65,0.42,0.18,0.5,0,0.54,0.27,7,
1423,0.47,0.4,0.63,0.19,0.5,0,0.52,0.32,2,
1424,0.83,0.94,0.32,0.21,0.5,0,0.51,0.22,4,
1425,0.61,0.76,0.3,0.16,0.5,0,0.45,0.41,7,
1426,0.33,0.38,0.47,0.14,0.5,0,0.51,0.47,2,
1427,0.38,0.67,0.33,0.17,0.5,0,0.51,0.22,7,
1428,0.39,0.33,0.33,0.23,0.5,0,0.47,0.22,7,
1429,0.5,0.63,0.45,0.13,0.5,0,0.45,0.32,7,
1430,0.2,0.6,0.5,0.29,0.5,0,0.51,0.22,7,
1431,0.29,0.26,0.43,0.17,0.5,0,0.55,0.3,7,
1432,0.51,0.46,0.41,0.36,0.5,0,0.49,0.22,7,
1433,0.92,0.66,0.52,0.23,0.5,0,0.53,0.22,4,
1434,0.49,0.56,0.37,0.2,0.5,0,0.53,0.22,7,
1435,0.86,0.78,0.34,0.15,0.5,0,0.53,0.22,6,
1436,0.38,0.44,0.57,0.14,0.5,0,0.53,0.52,2,
1437,0.72,0.73,0.41,0.28,0.5,0,0.44,0.22,4,
1438,0.8,0.73,0.47,0.19,0.5,0,0.49,0.22,4,
1439,0.49,0.55,0.35,0.23,0.5,0,0.57,0.22,7,
1440,0.63,0.71,0.44,0.53,0.5,0,0.52,0.22,6,
1441,0.6,0.68,0.3,0.27,0.5,0,0.55,0.22,7,
1442,0.4,0.43,0.49,0.17,0.5,0,0.51,0.36,2,
1443,0.82,0.63,0.47,0.18,0.5,0,0.5,0.22,9,
1444,0.77,0.68,0.35,0.19,0.5,0,0.53,0.43,4,
1445,0.51,0.59,0.46,0.13,0.5,0,0.48,0.22,1,
1446,0.52,0.46,0.34,0.2,0.5,0,0.51,0.25,7,
1447,0.47,0.5,0.6,0.63,0.5,0,0.38,0.16,3,
1448,0.34,0.24,0.51,0.15,0.5,0,0.54,0.4,2,
1449,0.35,0.29,0.46,0.14,0.5,0,0.54,0.66,2,
1450,0.58,0.67,0.49,0.16,0.5,0,0.47,0.28,1,
1451,0.85,0.85,0.3,0.31,0.5,0,0.55,0.42,4,
1452,0.36,0.48,0.61,0.26,0.5,0,0.5,0.16,2,
1453,0.41,0.25,0.59,0.44,0.5,0,0.6,0.69,2,
1454,0.3,0.37,0.4,0.45,0.5,0,0.48,0.41,7,
1455,0.57,0.59,0.49,0.86,0.5,0,0.47,0.22,2,
1456,0.38,0.4,0.39,0.19,0.5,0,0.46,0.62,2,
1457,0.77,0.74,0.37,0.29,0.5,0,0.45,0.22,4,
1458,0.47,0.38,0.58,0.19,0.5,0,0.57,0.22,3,
1459,0.5,0.61,0.44,0.2,0.5,0,0.49,0.22,1,
1460,0.41,0.45,0.46,0.23,0.5,0,0.5,0.7,3,
1461,0.46,0.62,0.46,0.54,0.5,0,0.51,0.27,1,
1462,0.74,0.75,0.45,0.44,0.5,0,0.52,0.22,9,
1463,0.52,0.53,0.58,0.69,0.5,0,0.5,0.22,1,
1464,0.41,0.47,0.5,0.14,0.5,0,0.53,0.37,2,
1465,0.25,0.4,0.52,0.15,0.5,0,0.56,0.28,2,
1466,0.58,0.56,0.38,0.39,0.5,0,0.54,0.57,2,
1467,0.32,0.29,0.29,0.08,0.5,0,0.52,0.22,7,
1468,0.38,0.48,0.57,0.3,0.5,0,0.41,0.11,3,
1469,0.39,0.58,0.47,0.18,0.5,0,0.48,0.22,1,
1470,0.38,0.47,0.47,0.18,0.5,0,0.44,0.26,1,
1471,0.63,0.57,0.5,0.48,0.5,0,0.51,0.22,1,
1472,0.51,0.45,0.62,0.25,0.5,0,0.59,0.22,1,
1473,0.59,0.67,0.54,0.19,0.5,0,0.48,0.6,2,
1474,0.6,0.61,0.54,0.11,0.5,0,0.46,0.22,3,
1475,0.48,0.61,0.57,0.17,0.5,0,0.45,0.22,3,
1476,0.71,0.5,0.5,0.18,0.5,0,0.46,0.22,3,
1477,0.61,0.48,0.54,0.25,0.5,0,0.5,0.22,3,
1478,0.38,0.32,0.64,0.41,0.5,0,0.44,0.11,3,
1479,0.38,0.4,0.66,0.35,0.5,0,0.43,0.11,3,
1480,0.81,0.62,0.43,0.17,0.5,0,0.53,0.22,6,
1481,0.47,0.43,0.61,0.4,0.5,0,0.48,0.47,2,
1482,0.67,0.57,0.36,0.19,0.5,0,0.56,0.22,6,
1483,0.43,0.4,0.6,0.16,0.5,0,0.53,0.39,2,
1484,0.65,0.54,0.54,0.13,0.5,0,0.53,0.22,3,
