1,2,3,4,5,6,7,8,9,10,11,12,13,14,15,16,17,18,19,20,21,22,23,24,25,26,27,28,29,30,31,32,33,34,35,36,37,38,39,40,41,42,43,type
1.104705534,1.00467922,0.994782901,2.345833333,2.604444444,2.58,2.347222222,1485.805556,1485.930556,1485.941667,1485.780556,66,66,66,66,65,65,66,66,3543.972222,3457.944444,3367.583333,3401.805556,3711.222222,3707.138889,3643.555556,3590.777778,0.5,0.5,0.2,0.2,1.4,1.4,-0.7,-0.7,124.15,123.9119444,151.6158333,151.275,151.5594444,151.2211111,124.2536111,124.0177778,1
1.089400734,0.997778211,0.998011851,3.399444444,3.711111111,3.711944444,3.414444444,1486.163889,1486.302778,1486.302778,1486.130556,66,66,66,66,65,65,66,66,3546.805556,3412.583333,3256.666667,3322.277778,3716.055556,3670.777778,3622.222222,3580.305556,0.5,0.5,0,0,1.4,1.4,-0.7,-0.7,124.1719444,123.8316667,151.6522222,151.1644444,151.5952778,151.1133333,124.2741667,123.9377778,1
1.079671109,1.00605587,0.999026669,3.438055556,3.714722222,3.689722222,3.42,1486.322222,1486.452778,1486.455556,1486.297222,66,66,66,66,65,65,66,66,3557.277778,3413.333333,3267,3330.722222,3693.666667,3677.583333,3620.027778,3574.083333,0.5,0.5,0,0,1.4,1.4,-0.7,-0.7,124.16,123.8180556,151.6361111,151.1508333,151.58,151.0969444,124.2608333,123.9236111,1
1.090834496,1.01319428,0.994911141,3.399444444,3.725,3.660555556,3.371111111,1486.455556,1486.575,1486.583333,1486.416667,66,66,66,66,65,65,66,66,3541.111111,3433.666667,3262,3329.611111,3702.055556,3677.194444,3635.027778,3579.694444,0.5,0.5,0,0,1.4,1.4,-0.7,-0.7,124.1447222,123.8086111,151.6225,151.1391667,151.5641667,151.0841667,124.2508333,123.9130556,1
1.093815578,1.00971564,1.003622475,3.398888889,3.702777778,3.681388889,3.351944444,1486.6,1486.725,1486.730556,1486.555556,66,66,66,66,65,65,66,66,3541.333333,3416.888889,3273.472222,3320.833333,3690.138889,3690.5,3615.833333,3564.972222,0.5,0.5,0,0,1.4,1.4,-0.7,-0.7,124.1344444,123.7975,151.6075,151.1227778,151.5502778,151.0688889,124.2361111,123.9030556,1
1.083781581,1.002271036,0.98949539,3.393611111,3.716666667,3.671111111,3.423055556,1486.763889,1486.875,1486.891667,1486.711111,66,66,66,66,65,65,66,66,3558.361111,3435.722222,3253.416667,3341.888889,3709.555556,3672.611111,3628.25,3576.25,0.5,0.5,0,0,1.4,1.4,-0.7,-0.7,124.1202778,123.7847222,151.5930556,151.1069444,151.5330556,151.0538889,124.2233333,123.8905556,1
1.102778349,1.001920138,1.015186778,3.404444444,3.697777778,3.744444444,3.344166667,1486.908333,1487.027778,1487.022222,1486.866667,66,66,66,66,65,65,66,66,3549.194444,3429.111111,3267.638889,3327.611111,3692.833333,3687.361111,3625.555556,3589,0.5,0.5,0,0,1.4,1.4,-0.7,-0.7,124.1091667,123.7713889,151.5752778,151.0930556,151.5222222,151.0358333,124.2125,123.8761111,1
1.08853625,1.00221922,0.994137997,4.131944444,4.523888889,4.488888889,4.147777778,1487.811111,1487.944444,1487.933333,1487.769444,66,66,66,66,65,65,66,66,3543.222222,3404.944444,3252.472222,3324.75,3690.055556,3663.666667,3619.555556,3552.694444,0.5,0.5,0,0,1.4,1.4,-0.7,-0.7,124.0683333,123.6583333,151.535,150.9477778,151.4802778,150.8963889,124.1741667,123.7630556,1
1.075754755,1.005860429,1.002309232,5.243611111,5.626666667,5.6075,5.199444444,1488.241667,1488.372222,1488.369444,1488.205556,66,66,66,66,65,65,66,66,3533.666667,3343.166667,3222,3312.083333,3659.944444,3644.388889,3592.861111,3524.472222,0.5,0.5,0,0,1.4,1.4,-0.7,-0.7,124.0830556,123.5708333,151.5666667,150.8311111,151.5094444,150.7777778,124.19,123.6755556,1
1.087375599,1.001895034,1.001016401,5.7725,6.27,6.264722222,5.755,1486.944444,1487.044444,1487.036111,1486.897222,66,66,66,66,65,65,66,66,3519.694444,3315.666667,3197.305556,3309.333333,3662.722222,3617.222222,3556.388889,3487.944444,0.5,0.5,0,0,1.4,1.4,-0.7,-0.7,124.2222222,123.6525,151.7419444,150.9230556,151.6852778,150.8727778,124.3269444,123.7544444,1
1.090582681,1.000530223,0.989475238,6.233611111,6.870555556,6.797777778,6.299444444,1485.519444,1485.613889,1485.608333,1485.458333,66,66,66,66,65,65,66,66,3510.611111,3298.583333,3180.916667,3298.138889,3644.805556,3595.333333,3552.583333,3473.472222,0.5,0.5,0,0,1.4,1.4,-0.7,-0.7,124.3683333,123.7475,151.9263889,151.0316667,151.8677778,150.9836111,124.4705556,123.8502778,1
1.084721572,1.005728753,0.996476091,6.235,6.785555556,6.725555556,6.220833333,1484.35,1484.469444,1484.472222,1484.311111,66,66,66,66,65,65,66,66,3495.027778,3272.555556,3169.694444,3288.944444,3630.916667,3589.638889,3554.666667,3466.416667,0.5,0.5,0,0,1.4,1.4,-0.7,-0.7,124.4686111,123.84,152.0433333,151.1463889,151.9841667,151.0969444,124.5652778,123.9472222,1
1.079256187,1.002315405,0.992959384,6.280833333,6.826111111,6.764722222,6.311944444,1483.458333,1483.569444,1483.583333,1483.430556,66,66,66,66,65,65,66,66,3508.166667,3289.611111,3176.222222,3282.944444,3627.416667,3592.611111,3558.583333,3476.166667,0.5,0.5,0,0,1.4,1.4,-0.7,-0.7,124.5427778,123.9113889,152.1386111,151.2344444,152.0758333,151.1863889,124.6455556,124.0161111,1
1.075536009,1.007550782,0.995834303,6.326944444,6.831388889,6.754722222,6.305,1482.783333,1482.866667,1482.866667,1482.708333,66,66,66,66,65,65,66,66,3484.416667,3281.694444,3167.305556,3288.388889,3634.611111,3598.888889,3547.722222,3462.166667,0.5,0.5,0,0,1.4,1.4,-0.7,-0.7,124.5991667,123.9713889,152.2083333,151.3091667,152.1488889,151.2597222,124.7069444,124.0811111,1
1.091853106,0.989614684,0.995111791,6.182777778,6.787222222,6.823333333,6.282777778,1483.063889,1483.163889,1483.180556,1482.991667,66,66,66,66,65,65,66,66,3498.916667,3280.388889,3161.944444,3296.638889,3627.361111,3583.388889,3548.611111,3464.5,0.5,0.5,0,0,1.4,1.4,-0.7,-0.7,124.5780556,123.9425,152.1747222,151.2811111,152.1205556,151.225,124.6811111,124.0552778,1
1.094176291,1.006995244,0.994870056,6.247222222,6.868611111,6.789444444,6.235277778,1483.672222,1483.769444,1483.794444,1483.638889,66,66,66,66,65,65,66,66,3504.333333,3281.111111,3170.222222,3292.222222,3629.111111,3599.694444,3562.527778,3477.694444,0.5,0.5,0,0,1.4,1.4,-0.7,-0.7,124.5175,123.9047222,152.1163889,151.215,152.0552778,151.1658333,124.6255556,124.0030556,1
1.083173879,0.998281686,1.004701365,6.833611111,7.367777778,7.413333333,6.8125,1484.65,1484.752778,1484.761111,1484.602778,66,66,66,66,65,65,66,66,3490.777778,3253.777778,3170.444444,3283.333333,3618.111111,3580.25,3532.083333,3450.416667,0.5,0.5,0,0,1.4,1.4,-0.7,-0.7,124.4702778,123.7869444,152.0525,151.085,151.9966667,151.0266667,124.5763889,123.8908333,1
1.086660954,1.001406341,0.987106952,7.249722222,7.980555556,7.871111111,7.337777778,1485.661111,1485.755556,1485.758333,1485.611111,66,66,66,66,65,65,66,66,3479.944444,3241.305556,3140.472222,3273.055556,3598.75,3565.25,3520.055556,3423.444444,0.5,0.5,0,0,1.4,1.4,-0.7,-0.7,124.4077778,123.6808333,151.985,150.9419444,151.9283333,150.8908333,124.5130556,123.7877778,1
1.09866074,1.008226538,1.000613258,2.385833333,2.618611111,2.599722222,2.363888889,1484.716667,1484.836111,1484.847222,1484.686111,66,66,66,66,65,65,66,66,3595.861111,3519.666667,3342.555556,3391.138889,3554.777778,3524.361111,3673.027778,3652.833333,0.6,0.6,0.2,0.2,1,1,-0.7,-0.7,124.2411111,124.0038889,151.7286111,151.3863889,151.6730556,151.3313889,124.3447222,124.1072222,1
1.088502929,1.010238362,1.001035073,3.362222222,3.654444444,3.6225,3.323055556,1485.033333,1485.144444,1485.147222,1484.994444,66,66,66,66,65,65,66,66,3588.833333,3472,3341.194444,3392.472222,3534.444444,3501.472222,3655.222222,3617.722222,0.6,0.6,0.2,0.2,1,1,-0.7,-0.7,124.2627778,123.9288889,151.7638889,151.2880556,151.7069444,151.2338889,124.3647222,124.0361111,1
1.099131602,1.002280912,0.991126144,3.299166667,3.658333333,3.619444444,3.322222222,1485.302778,1485.425,1485.430556,1485.261111,66,66,66,66,65,65,66,66,3590.194444,3489.055556,3333.666667,3389.055556,3523.75,3496.333333,3655.694444,3619.138889,0.6,0.6,0.2,0.2,1,1,-0.7,-0.7,124.2397222,123.9069444,151.7388889,151.2591667,151.6788889,151.2066667,124.3430556,124.0116667,1
1.095846779,1.014217819,0.99541138,3.330555556,3.664166667,3.599166667,3.2975,1485.533333,1485.641667,1485.644444,1485.488889,66,66,66,66,65,65,66,66,3601.722222,3474.361111,3335.111111,3402.25,3538.027778,3496.472222,3658.222222,3611.083333,0.6,0.6,0.2,0.2,1,1,-0.7,-0.7,124.2208333,123.8872222,151.7127778,151.2383333,151.6563889,151.1844444,124.3255556,123.9938889,1
1.091659028,0.989301423,0.99024777,3.297777778,3.6375,3.640833333,3.369444444,1485.727778,1485.838889,1485.852778,1485.683333,66,66,66,66,65,65,66,66,3587.583333,3478.666667,3309.833333,3397.888889,3545,3514.888889,3655.805556,3617.583333,0.6,0.6,0.2,0.2,1,1,-0.7,-0.7,124.2047222,123.8711111,151.6930556,151.2186111,151.6363889,151.1638889,124.3105556,123.975,1
1.095471698,1.000680544,0.990401848,3.296944444,3.646666667,3.610833333,3.328055556,1485.872222,1485.988889,1486,1485.833333,66,66,66,66,65,65,66,66,3598.472222,3467.361111,3322.472222,3396.111111,3532.138889,3489.277778,3658.444444,3606.527778,0.6,0.6,0.2,0.2,1,1,-0.7,-0.7,124.1922222,123.86,151.6791667,151.2016667,151.6202778,151.1488889,124.2961111,123.9647222,1
1.077935928,1.007609083,0.989084341,3.38,3.6825,3.617222222,3.391944444,1486.052778,1486.158333,1486.188889,1486.005556,66,66,66,66,65,65,66,66,3587.194444,3480.333333,3320.472222,3390.472222,3530.166667,3511.611111,3659.777778,3610.833333,0.6,0.6,0.2,0.2,1,1,-0.7,-0.7,124.1786111,123.8447222,151.6627778,151.1844444,151.6036111,151.13,124.2836111,123.9486111,1
1.084826045,1.003494038,0.997347565,4.165555556,4.530277778,4.503611111,4.161944444,1486.319444,1486.422222,1486.430556,1486.255556,66,66,66,66,65,65,66,66,3584.166667,3454.083333,3307.222222,3380.388889,3518.055556,3484.416667,3648.861111,3583.75,0.6,0.6,0.2,0.2,1,1,-0.7,-0.7,124.1922222,123.7863889,151.6947222,151.0994444,151.635,151.0483333,124.3002778,123.8869444,1
1.09023453,1.01335001,1.000786363,5.279444444,5.748055556,5.679722222,5.2025,1486.877778,1486.969444,1486.988889,1486.797222,66,66,66,66,65,65,66,66,3566.416667,3396,3268.25,3377.25,3494.888889,3472.416667,3618.166667,3554.666667,0.6,0.6,0.2,0.2,1,1,-0.7,-0.7,124.2002778,123.6836111,151.7161111,150.9638889,151.6527778,150.9144444,124.3058333,123.7905556,1
1.090707803,1.008837144,0.997489365,5.726944444,6.259722222,6.192222222,5.689444444,1487.194444,1487.313889,1487.319444,1487.155556,66,66,66,66,65,65,66,66,3560.722222,3369.027778,3249.75,3356.75,3482.861111,3446.361111,3613.916667,3528,0.6,0.6,0.2,0.2,1,1,-0.7,-0.7,124.2025,123.6283333,151.7158333,150.8997222,151.6544444,150.8488889,124.3025,123.7388889,1
1.079188583,0.992894826,0.992428593,6.21,6.755,6.751944444,6.305833333,1487.408333,1487.511111,1487.513889,1487.352778,66,66,66,66,65,65,66,66,3559.805556,3337.472222,3227.055556,3360.222222,3476.972222,3433.777778,3579.25,3500.666667,0.6,0.6,0.2,0.2,1,1,-0.7,-0.7,124.2088889,123.5886111,151.7288889,150.8427778,151.6725,150.7902778,124.3138889,123.6919444,1
1.080362309,1.002291908,0.992008865,6.222222222,6.775833333,6.708888889,6.259444444,1485.863889,1485.947222,1485.952778,1485.822222,66,66,66,66,65,65,66,66,3552.916667,3321.416667,3234.722222,3354.111111,3464.222222,3423.861111,3570.166667,3503.444444,0.6,0.6,0.2,0.2,1,1,-0.7,-0.7,124.3347222,123.7211111,151.8911111,151.0008333,151.8302778,150.9472222,124.4411111,123.8216667,1
1.082748133,1.005642539,0.996869438,6.218333333,6.7525,6.695833333,6.202222222,1484.669444,1484.758333,1484.775,1484.613889,66,66,66,66,65,65,66,66,3533.388889,3325.916667,3238.777778,3342.555556,3454.166667,3427.361111,3586.111111,3512.833333,0.6,0.6,0.2,0.2,1,1,-0.7,-0.7,124.4325,123.8202778,152.0069444,151.1255556,151.9536111,151.0675,124.5377778,123.9261111,1
1.082277079,1.004415435,0.989604065,6.248055556,6.831944444,6.735,6.2875,1483.686111,1483.783333,1483.769444,1483.636111,66,66,66,66,65,65,66,66,3541.555556,3321.361111,3223.083333,3354.583333,3471.888889,3420,3577.833333,3508.888889,0.6,0.6,0.2,0.2,1,1,-0.7,-0.7,124.5202778,123.8975,152.11,151.2225,152.0558333,151.1680556,124.6261111,124.0019444,1
1.078135405,1.003038148,0.9885724,6.229444444,6.793055556,6.698611111,6.284444444,1482.877778,1482.972222,1482.991667,1482.833333,66,66,66,66,65,65,66,66,3536.833333,3339.083333,3229.416667,3359.111111,3461.305556,3435.277778,3570.972222,3506.777778,0.6,0.6,0.2,0.2,1,1,-0.7,-0.7,124.5880556,123.9675,152.1941667,151.3011111,152.1336111,151.2483333,124.6916667,124.0705556,1
1.080035453,1.005383465,0.999914781,6.285277778,6.7875,6.751944444,6.250833333,1482.075,1482.169444,1482.177778,1482.075,66,66,66,66,65,65,66,66,3552.111111,3323.277778,3220.361111,3352.416667,3466.555556,3428.666667,3580.472222,3510.833333,0.6,0.6,0.2,0.2,1,1,-0.7,-0.7,124.6569444,124.0313889,152.2772222,151.3822222,152.2166667,151.3288889,124.7619444,124.1325,1
1.086354972,0.999823176,0.996841527,6.764166667,7.371666667,7.350555556,6.787777778,1483.186111,1483.266667,1483.297222,1483.138889,66,66,66,66,65,65,66,66,3530.972222,3322.138889,3203.694444,3339.75,3445.194444,3404.777778,3559.888889,3485.722222,0.6,0.6,0.2,0.2,1,1,-0.7,-0.7,124.5927778,123.91,152.2019444,151.2336111,152.1447222,151.1763889,124.6941667,124.0133333,1
1.089901501,1.01237185,1.003803112,7.379722222,8.008611111,7.943611111,7.256666667,1484.583333,1484.677778,1484.677778,1484.555556,66,66,66,66,65,65,66,66,3522.777778,3280.055556,3185.861111,3335.333333,3429.222222,3387.027778,3532.638889,3464.972222,0.6,0.6,0.2,0.2,1,1,-0.7,-0.7,124.5008333,123.7677778,152.0988889,151.0494444,152.0405556,150.9980556,124.6019444,123.8725,1
1.098449659,0.996098009,0.996900115,2.293888889,2.528055556,2.53,2.310833333,1483.775,1483.863889,1483.9,1483.727778,65,65,66,66,65,65,66,66,3746.638889,3655.694444,3364.611111,3435.25,3754.194444,3731.277778,3548.333333,3520.694444,1,1,0.3,0.3,1.5,1.5,-1,-1,124.3158333,124.0875,151.8225,151.4911111,151.7636111,151.4347222,124.4230556,124.1927778,1
1.097517659,0.992484951,0.998846065,3.425277778,3.765,3.788055556,3.456666667,1483.611111,1483.7,1483.730556,1483.558333,65,65,66,66,65,65,66,66,3744.416667,3604.888889,3359.027778,3432.083333,3735.25,3710.777778,3541.666667,3479.638889,1,1,0.3,0.3,1.5,1.5,-1,-1,124.3855556,124.0444444,151.9205556,151.4266667,151.8630556,151.3663889,124.4913889,124.1502778,1
1.08253382,0.990866529,0.981967526,3.410555556,3.761666667,3.729166667,3.509166667,1483.480556,1483.561111,1483.594444,1483.419444,65,65,66,66,65,65,66,66,3732.333333,3624.638889,3352.166667,3419.972222,3749.25,3739.694444,3552.777778,3482.027778,1,1,0.3,0.3,1.5,1.5,-1,-1,124.3955556,124.0577778,151.9352778,151.4413889,151.8747222,151.3852778,124.505,124.1602778,1
1.090750931,0.997487437,0.996329921,3.421666667,3.746388889,3.742222222,3.443888889,1483.4,1483.502778,1483.502778,1483.327778,65,65,66,66,65,65,66,66,3733.027778,3628.555556,3350.861111,3417.472222,3751.333333,3726.305556,3556.861111,3478,1,1,0.3,0.3,1.5,1.5,-1,-1,124.4013889,124.0627778,151.9441667,151.4477778,151.8861111,151.3908333,124.5113889,124.1666667,1
1.092034968,0.993290143,0.996986555,3.414166667,3.740833333,3.754166667,3.449166667,1483.369444,1483.455556,1483.477778,1483.286111,65,65,66,66,65,65,66,66,3748.388889,3612.805556,3357.888889,3421.888889,3749.722222,3723.861111,3548.777778,3466.777778,1,1,0.3,0.3,1.5,1.5,-1,-1,124.4061111,124.0652778,151.9463889,151.4538889,151.8880556,151.3983333,124.515,124.1708333,1
1.074139306,1.007881615,1.007042254,4.211666667,4.491111111,4.4875,4.147222222,1483.430556,1483.513889,1483.525,1483.336111,65,65,66,66,65,65,66,66,3732.666667,3598.055556,3351.916667,3429.361111,3729.222222,3712.833333,3532.277778,3454.777778,1,1,0.3,0.3,1.5,1.5,-1,-1,124.4386111,124.0241667,151.99,151.3955556,151.9330556,151.3402778,124.5452778,124.1302778,1
1.081820382,0.992534432,0.994125831,5.127777778,5.581944444,5.590555556,5.199722222,1483.547222,1483.644444,1483.683333,1483.494444,65,65,66,66,65,65,66,66,3712.75,3523.111111,3305.027778,3397.611111,3698.638889,3680.75,3515.555556,3420.694444,1,1,0.3,0.3,1.5,1.5,-1,-1,124.4766667,123.9625,152.0455556,151.3133333,151.9897222,151.2516667,124.5855556,124.0688889,1
1.086858763,1.005448823,0.996306081,5.688055556,6.203611111,6.149444444,5.677777778,1483.827778,1483.916667,1483.95,1483.75,65,65,66,66,65,65,66,66,3714.5,3517.972222,3282.194444,3390.166667,3692.555556,3661,3500.361111,3402.222222,1,1,0.3,0.3,1.5,1.5,-1,-1,124.48,123.9125,152.0583333,151.2463889,152.0013889,151.1897222,124.5883333,124.0188889,1
1.081622312,0.989074604,0.995585968,6.253888889,6.7975,6.840555556,6.355,1484.105556,1484.183333,1484.211111,1484.036111,65,65,66,66,65,65,66,66,3686,3466.75,3264.694444,3380.25,3676.916667,3660.416667,3477.055556,3382.305556,1,1,0.3,0.3,1.5,1.5,-1,-1,124.4830556,123.8658333,152.0711111,151.1777778,152.0122222,151.1236111,124.5944444,123.9652778,1
1.087155355,1.002734673,0.983435158,6.240833333,6.898333333,6.770833333,6.3325,1484.302778,1484.402778,1484.427778,1484.255556,65,65,66,66,65,65,66,66,3693.611111,3470.666667,3256.694444,3372.083333,3691.555556,3649.222222,3471.722222,3381.305556,1,1,0.3,0.3,1.5,1.5,-1,-1,124.4663889,123.8438889,152.0525,151.1516667,151.9855556,151.1058333,124.58,123.9427778,1
1.075486193,1.002732298,1.003623496,6.348333333,6.802222222,6.808055556,6.306666667,1484.511111,1484.6,1484.627778,1484.441667,65,65,66,66,65,65,66,66,3697.25,3483.222222,3267.75,3385.888889,3672.805556,3646,3481.388889,3385,1,1,0.3,0.3,1.5,1.5,-1,-1,124.4544444,123.8269444,152.0291667,151.1352778,151.9694444,151.0836111,124.5608333,123.9319444,1
1.088748264,1.000781465,1.000274499,6.3025,6.859722222,6.856388889,6.295555556,1484.738889,1484.811111,1484.836111,1484.661111,65,65,66,66,65,65,66,66,3691.277778,3468.777778,3266.083333,3382.111111,3673.277778,3653.361111,3490.055556,3381.333333,1,1,0.3,0.3,1.5,1.5,-1,-1,124.4361111,123.8088889,152.0094444,151.1133333,151.9541667,151.0544444,124.5427778,123.9116667,1
1.074466219,0.990429918,0.98896572,6.267777778,6.8125,6.802777778,6.403888889,1484.952778,1485.022222,1485.022222,1484.866667,65,65,66,66,65,65,66,66,3695.166667,3477.333333,3272.388889,3386.722222,3676.722222,3658,3480.305556,3382.472222,1,1,0.3,0.3,1.5,1.5,-1,-1,124.4144444,123.7908333,151.9877778,151.0922222,151.9283333,151.0388889,124.5302778,123.8905556,1
1.09361588,0.993496798,0.986899563,6.661666667,7.384722222,7.337777778,6.800555556,1485.280556,1485.366667,1485.397222,1485.236111,65,65,66,66,65,65,66,66,3684.75,3430.416667,3240.166667,3373.555556,3642.777778,3633.25,3468.583333,3355.027778,1,1,0.3,0.3,1.5,1.5,-1,-1,124.4033333,123.7425,151.9838889,151.0225,151.9222222,150.9683333,124.5161111,123.8441667,1
1.066088432,0.990101707,0.987502721,7.280277778,7.862777778,7.842777778,7.451666667,1485.897222,1485.963889,1485.986111,1485.813889,65,65,66,66,65,65,66,66,3658.916667,3415.638889,3210.666667,3363.666667,3643.277778,3644,3457.083333,3344.694444,1,1,0.3,0.3,1.5,1.5,-1,-1,124.3813889,123.6647222,151.9588889,150.9308333,151.9008333,150.8741667,124.4966667,123.7697222,1
1.097932369,0.997817653,0.999077983,2.722777778,2.9925,2.996111111,2.731666667,1483.719444,1483.711111,1483.641667,1483.458333,70.13888889,70.19444444,68.66666667,67.05555556,64.88888889,64.88888889,66,66,3375.277778,3612.444444,2861.583333,2946.666667,3569.944444,3518.805556,3638.777778,3594,5.741666667,5.741666667,1.688888889,1.797222222,1.841666667,1.858333333,-0.616666667,-0.616666667,124.3391667,124.0691667,151.8719444,151.4752778,151.8213889,151.4277778,124.4652778,124.1919444,2
1.108729957,1.000482905,1.012827365,2.7475,3.0075,3.042777778,2.709444444,1484.161111,1484.086111,1484.013889,1483.816667,69.25,68.44444444,70.66666667,70.69444444,65.58333333,65.58333333,66,66,3436.777778,3073.972222,2953.333333,2887.333333,3590.861111,3576.611111,3587.777778,3493.916667,10.73055556,10.73055556,3.736111111,3.897222222,1.947222222,1.966666667,-0.772222222,-0.772222222,124.305,123.9413889,151.8333333,151.4383333,151.7872222,151.3875,124.4344444,124.1638889,2
1.104097566,0.992750822,0.996900576,2.706944444,2.999166667,3.011111111,2.736666667,1484.594444,1484.333333,1484.258333,1484.080556,69.30555556,69.33333333,66.13888889,66.88888889,64.94444444,65.75,66,66,3376.777778,3301.416667,2880.388889,3001.083333,3654.944444,3619.805556,3604.888889,3532.055556,9.933333333,9.933333333,2.275,2.144444444,1.791666667,1.791666667,-0.7,-0.7,124.2683333,124.0013889,151.8038889,151.4147222,151.76,151.365,124.4133333,124.1388889,2
1.110680996,0.975260975,0.989485813,2.675555556,3.007777778,3.049444444,2.778055556,1484.905556,1484.655556,1484.588889,1484.408333,69.16666667,70,67.16666667,65.63888889,65,65,66,66,2872.027778,2818.361111,3158.472222,3184.305556,3762.416667,3712.25,3651.666667,3576.333333,10.82777778,10.82777778,1.833333333,1.858333333,1.875,1.875,-0.6,-0.6,124.2413889,123.9730556,151.7741667,151.3794444,151.7286111,151.3269444,124.3875,124.1116667,2
1.107936508,0.985052317,1.005553661,2.698888889,2.975833333,3.034722222,2.726111111,1482.291667,1484.911111,1484.827778,1484.655556,70.33333333,70.36111111,67.19444444,67.19444444,65,65,66,66,3613.111111,3997.583333,2973.722222,3173.861111,3675.416667,3626.583333,3639.138889,3590.694444,16.5,16.5,1.666666667,1.725,1.7,1.7,-0.6,-0.6,124.6636111,124.0733333,151.745,151.3572222,151.7036111,151.3027778,124.3644444,124.0927778,2
1.086794645,1.002457812,0.993668012,5.249166667,5.740555556,5.692222222,5.270555556,1485.716667,1485.647222,1485.608333,1485.463889,68.80555556,69.61111111,67.30555556,66.5,64,64,70.25,71.02777778,3547.027778,3367.694444,2886.972222,2917.138889,3401,3351.75,3656.5,3579.25,4.383333333,4.383333333,2.925,2.980555556,3.483333333,3.497222222,0.638888889,0.633333333,124.2975,123.7775,151.8527778,151.0988889,151.7972222,151.0519444,124.4227778,123.9022222,2
1.087564386,1.002470443,0.99502725,5.278055556,5.768333333,5.727222222,5.291944444,1486.316667,1486.261111,1486.197222,1485.997222,68.38888889,67.61111111,68.55555556,68.55555556,64.69444444,64.75,68.66666667,69.38888889,2869.166667,2732.75,2589.527778,2855.277778,3352.027778,3418.916667,3558.111111,3499.166667,6.255555556,6.255555556,5.45,5.202777778,5.097222222,5.027777778,1.547222222,1.566666667,124.25,123.7308333,151.7825,151.0388889,151.7413889,150.9919444,124.3772222,123.8561111,2
1.08097474,1.009651434,0.994795072,5.306944444,5.764444444,5.682777778,5.282777778,1483.997222,1487.041667,1486.833333,1486.608333,66.86111111,65.25,65.63888889,64.77777778,66,68.55555556,69.88888889,69.88888889,2871.861111,3519.055556,2646.027778,3122.833333,3533.111111,3514.527778,3325.75,3401.305556,17.47222222,17.47222222,15.44444444,15.43055556,10.02222222,10.04722222,3.95,4.136111111,124.3516667,123.8483333,151.7130556,150.9522222,151.6686111,146.7377778,124.3272222,123.8005556,2
1.077978056,1.005319283,0.995409392,5.318611111,5.758611111,5.703888889,5.314722222,1484.705556,1484.605556,1484.5,1484.336111,68.30555556,68.33333333,67.05555556,67.08333333,64.02777778,64.80555556,67.22222222,68.02777778,3510.138889,2974.833333,2834.194444,2982.833333,3271.75,3333.055556,3542.916667,3468.638889,6.886111111,6.886111111,6.077777778,5.916666667,5.080555556,5.111111111,1.694444444,1.730555556,124.3897222,123.8591667,151.9611111,151.2044444,151.9116667,151.1627778,124.5177778,123.9925,2
1.079868594,1.004838628,0.997400368,5.290833333,5.727222222,5.686388889,5.278611111,1482.511111,1482.480556,1482.416667,1482.236111,67.11111111,65.52777778,64.94444444,64.88888889,64,64,68.11111111,67.36111111,3384.888889,3092.583333,2975.277778,3213.25,3418.666667,3344.5,3607.222222,3524.055556,4.980555556,4.980555556,3.244444444,3.377777778,3.541666667,3.541666667,0.594444444,0.588888889,124.5697222,124.0408333,152.1761111,151.4222222,152.1252778,151.3772222,124.6958333,124.1688889,2
1.174846016,0.953895193,0.942354492,4.609722222,5.781111111,5.716388889,5.176666667,1461.225,1491,1482.616667,1482.433333,67.16666667,68.02777778,66.25,67.75,70.72222222,70.72222222,70.63888889,69.88888889,3455.888889,4027.972222,2671.5,2991.472222,4193.388889,3715.638889,3494.388889,3471.722222,32.56111111,32.56111111,27.30277778,27.43611111,14.56111111,14.56111111,7.077777778,6.977777778,126.5758333,125.7211111,152.1861111,149.7738889,152.1066667,151.3488889,124.6727778,124.1527778,2
1.817385899,0.387205387,0.64108754,0.186666667,4.03,5.714722222,5.175277778,1441.675,1504.408333,1484.308333,1483.952778,62.13888889,61.36111111,59.44444444,60.27777778,71.80555556,70.16666667,69.19444444,70,3049.333333,2660.666667,1742.833333,2674.638889,4141.777778,4011.222222,3414.25,3456.166667,42.83333333,42.83333333,39.51666667,39.28055556,18.92222222,19.525,9.261111111,8.563888889,128.2730556,127.8075,148.21,151.2569444,152.0158333,151.1058333,124.5480556,124.025,2
1.082854799,1.001694176,1.002029997,7.972777778,8.615277778,8.618055556,7.941944444,1485.627778,1485.444444,1485.405556,1485.325,70.88888889,70.86111111,67.75,69.33333333,66.25,68.61111111,64.11111111,64.11111111,3938.138889,3529.111111,3176.861111,3533.194444,3952.611111,3982.305556,3886.444444,3875.888889,6.419444444,6.419444444,5.486111111,5.441666667,6.158333333,6.141666667,3.488888889,3.469444444,124.4497222,123.6558333,152.0616667,150.9294444,152.0097222,150.8844444,124.5652778,123.7755556,2
1.074921685,1.011455469,1.003242825,8.041111111,8.612222222,8.544722222,7.92,1486.441667,1486.116667,1486.055556,1486.027778,69.97222222,69.97222222,66.25,66.27777778,67.77777778,68.55555556,68.55555556,67.77777778,3687.888889,3774.722222,3113.666667,3326.388889,3914.083333,4017.611111,3741.555556,4052.916667,10.48333333,10.48333333,9.080555556,9.061111111,9.755555556,9.777777778,6.094444444,6.111111111,124.3786111,123.5783333,151.9894444,150.8694444,151.935,150.8205556,124.5055556,123.7141667,2
1.088164336,1.006096742,1.000686756,7.9725,8.667222222,8.6225,7.916388889,1483.1,1484.916667,1484.761111,1484.4,65.27777778,66.08333333,64.80555556,64,64.13888889,63.38888889,67.66666667,66.88888889,3496.305556,3652.277778,2988.305556,3661.166667,3993.444444,4644.666667,3784.25,4131.25,24.28888889,24.28888889,22.46944444,22.60277778,19.33611111,19.14444444,13.63888889,13.74722222,124.7291667,123.9347222,152.1166667,150.9827778,152.075,150.95,124.6336111,123.8322222,2
1.105766829,0.853050595,0.971998776,6.516111111,7.496666667,8.4875,7.939166667,1469.097222,1477.580556,1482.797222,1481.55,64.30555556,62.66666667,62.22222222,62.25,62.72222222,61.91666667,67.30555556,66.55555556,2137.583333,2630.805556,2326.194444,2929.305556,3023.666667,3525.75,3299.666667,3592.583333,37.14722222,37.14722222,35.53888889,35.71666667,32.63611111,32.43888889,25.21666667,25.39166667,125.8408333,125.425,152.4658333,152.1244444,152.2994444,151.1411111,124.8861111,124.0944444,2
1.10548569,1.005058848,0.991284733,1.278611111,1.425555556,1.406944444,1.283611111,1483.925,1484.05,1484.030556,1483.875,65.41666667,65.41666667,66,66,65,65,66,66,3585.361111,3524.388889,3369.694444,3407.416667,3719.027778,3684.916667,3589,3584.583333,0.866666667,0.866666667,0.411111111,0.411111111,1.5,1.5,-0.9,-0.9,124.2513889,124.1238889,151.7316667,151.5458333,151.6772222,151.4919444,124.3588889,124.2305556,2
1.097991344,0.997991968,0.997569738,1.248611111,1.374444444,1.373888889,1.254444444,1484.208333,1484.313889,1484.316667,1484.155556,65,65,66,66,65,65,66,66,3704.916667,3682.888889,3334.5,3385.777778,3725.638889,3714.194444,3564.638889,3547.25,1.175,1.175,0.1,0.1,1.5,1.5,-0.9,-0.9,124.2255556,124.1011111,151.7,151.5191667,151.6455556,151.4663889,124.3316667,124.2094444,2
1.088913649,1.013099968,0.99489253,1.251666667,1.369166667,1.345555556,1.241388889,1484.733333,1484.858333,1484.847222,1484.677778,65.97222222,65.97222222,66,66,65,65,66,66,3607.527778,3559.972222,3506.444444,3516.888889,3712.833333,3738.333333,3611.388889,3587.444444,0.902777778,0.902777778,0.6,0.6,1.5,1.5,-0.9,-0.9,124.1822222,124.0575,151.6463889,151.4663889,151.5891667,151.4136111,124.2894444,124.1652778,2
1.101280293,1.010279965,1.000217628,1.221666667,1.344444444,1.331666667,1.208333333,1485.308333,1485.416667,1485.411111,1485.233333,65.19444444,65.19444444,66,66,65,65,66,66,3658,3600.166667,3382.777778,3388.25,3740.972222,3709.611111,3564.027778,3560.305556,0.955555556,0.955555556,0.5,0.5,1.5,1.5,-0.9,-0.9,124.1352778,124.0125,151.5863889,151.4097222,151.5308333,151.3580556,124.2402778,124.1202778,2
1.092224022,1.023162135,1.005879743,1.218333333,1.321666667,1.300277778,1.182222222,1485.638889,1486.091667,1486.033333,1485.866667,67.80555556,67.80555556,65.88888889,65.88888889,65,65,66,66,2996.888889,2966.25,3266.027778,3234.194444,3726.527778,3693.944444,3605.472222,3586.805556,5.402777778,5.402777778,0.777777778,0.777777778,1.5,1.5,-0.9,-0.9,124.0208333,123.9458333,151.5172222,151.3458333,151.4666667,151.295,124.1869444,124.0694444,2
1.089007669,1.012087297,1.007593523,1.2075,1.304444444,1.298888889,1.183055556,1489.275,1486.458333,1486.4,1486.202778,69.30555556,68.58333333,65.05555556,65.05555556,65,65,66,66,3284.25,3269.694444,3087.027778,3088.361111,3677.333333,3688.694444,3610.027778,3577.361111,9.769444444,9.769444444,1.15,1.236111111,1.5,1.5,-0.9,-0.9,123.2641667,124.4777778,151.4775,151.3086111,151.4286111,151.2602778,124.1575,124.0394444,2
1.149479545,0.98513302,0.968628755,1.118611111,1.329444444,1.308611111,1.176388889,1455.297222,1486.352778,1486.602778,1486.441667,64.08333333,65.66666667,66.83333333,68.47222222,65,65,66,66,2644.055556,2542.833333,3263.722222,3277.5,3719.527778,3668,3560.972222,3550.027778,22.44722222,22.44722222,0.875,0.752777778,1.5,1.5,-0.9,-0.9,126.9919444,126.5447222,151.5347222,151.2716667,151.4075,151.2341667,124.1372222,124.0205556,2
1.106940844,1.009384131,0.989374131,2.355555556,2.634166667,2.584444444,2.358888889,1485.913889,1486.033333,1486.055556,1485.880556,66,66,66,66,65,65,66,66,3349.722222,3283.527778,3286.722222,3348.972222,3706.5,3677.416667,3633.722222,3617.361111,0.1,0.1,0,0,1.4,1.4,-0.7,-0.7,124.1397222,123.9055556,151.6069444,151.2633333,151.5494444,151.2097222,124.2416667,124.0077778,3
1.09800206,0.999568119,1.000196371,3.371111111,3.700833333,3.703055556,3.371944444,1486.3,1486.419444,1486.441667,1486.263889,66,66,66,66,65,65,66,66,3360.888889,3233.972222,3279.833333,3317.666667,3705.888889,3688.083333,3636.055556,3566.944444,0.1,0.1,0,0,1.4,1.4,-0.7,-0.7,124.1594444,123.8225,151.6388889,151.1533333,151.5830556,151.0977778,124.2619444,123.9272222,3
1.107970955,1.01669627,0.993795364,3.384722222,3.770277778,3.689444444,3.348055556,1486.494444,1486.622222,1486.627778,1486.447222,66,66,66,66,65,65,66,66,3352.583333,3244.861111,3257.861111,3323.638889,3713.055556,3679.833333,3634.777778,3575.722222,0.1,0.1,0,0,1.4,1.4,-0.7,-0.7,124.1413889,123.8088889,151.6233333,151.1305556,151.5633333,151.0788889,124.2469444,123.9116667,3
1.091229075,0.991852487,1.001214163,3.381111111,3.686388889,3.719722222,3.405833333,1487.447222,1487.569444,1487.586111,1487.416667,66,66,66,66,65,65,66,66,3360.055556,3237.916667,3264.333333,3331.75,3706.138889,3678.75,3623.111111,3578.361111,0.1,0.1,0,0,1.4,1.4,-0.7,-0.7,124.0608333,123.7297222,151.5222222,151.0375,151.4663889,150.9808333,124.165,123.8325,3
1.09203184,1.003024946,0.994952657,3.381388889,3.710833333,3.682222222,3.388611111,1487.586111,1487.705556,1487.713889,1487.55,66,66,66,66,65,65,66,66,3351.083333,3249.222222,3271.194444,3326.666667,3697.666667,3690.111111,3638.111111,3578.138889,0.1,0.1,0,0,1.4,1.4,-0.7,-0.7,124.0516667,123.7158333,151.5061111,151.0216667,151.4502778,150.9683333,124.1552778,123.8194444,3
1.09949389,1.002904809,1.00660689,3.392222222,3.704722222,3.717777778,3.358611111,1487.7,1487.819444,1487.838889,1487.672222,66,66,66,66,65,65,66,66,3357.111111,3238.305556,3247.75,3341.916667,3710.833333,3655.638889,3631.5,3566.194444,0.1,0.1,0,0,1.4,1.4,-0.7,-0.7,124.0413889,123.7066667,151.4944444,151.0113889,151.4422222,150.9525,124.1441667,123.8102778,3
1.083568305,1.005782848,0.98501129,3.382222222,3.719722222,3.645833333,3.415277778,1485.394444,1485.502778,1485.525,1485.372222,66,66,66,66,65,65,66,66,3343.805556,3236.444444,3261.972222,3327.527778,3696.277778,3673.333333,3640.111111,3564.472222,0.1,0.1,0,0,1.4,1.4,-0.7,-0.7,124.235,123.8963889,151.7333333,151.2444444,151.6730556,151.1930556,124.3383333,124.0013889,3
1.094832444,1.002630078,0.992527902,4.179444444,4.609722222,4.565277778,4.200833333,1483.544444,1483.647222,1483.666667,1483.508333,66,66,66,66,65,65,66,66,3351.472222,3214,3243.75,3316.138889,3684.666667,3663.361111,3620.388889,3534.5,0.1,0.1,0,0,1.4,1.4,-0.7,-0.7,124.4294444,124.0138889,151.9827778,151.3747222,151.9216667,151.3238889,124.5316667,124.1161111,3
1.087257214,0.996730038,0.9988581,5.229444444,5.693055556,5.704722222,5.253611111,1482.322222,1482.433333,1482.438889,1482.294444,66,66,66,66,65,65,66,66,3328.944444,3136.222222,3201.472222,3307.583333,3650.972222,3621,3575.777778,3509.638889,0.1,0.1,0,0,1.4,1.4,-0.7,-0.7,124.5836111,124.0613889,152.1802778,151.4291667,152.1233333,151.3744444,124.6883333,124.1647222,3
1.095218254,0.995541446,0.995541446,5.640277778,6.206388889,6.206388889,5.693333333,1482.744444,1482.847222,1482.847222,1482.711111,66,66,66,66,65,65,66,66,3349.138889,3168.75,3184.361111,3292.333333,3632.777778,3597.25,3560.25,3491.333333,0.144444444,0.144444444,0,0,1.4,1.4,-0.7,-0.7,124.5725,124.0044444,152.1722222,151.3511111,152.1155556,151.2958333,124.6769444,124.1077778,3
1.086033643,1.002954053,0.998833535,6.280833333,6.828333333,6.801388889,6.269166667,1483.461111,1483.583333,1483.597222,1483.433333,66,66,66,66,65,65,66,66,3486.972222,3281.5,3168.444444,3283.166667,3629.194444,3584.638889,3557.277778,3449.694444,0.5,0.5,0,0,1.4,1.4,-0.7,-0.7,124.5388889,123.9166667,152.1366667,151.2377778,152.0797222,151.1794444,124.6430556,124.0175,3
1.082009588,0.994666102,0.986215909,6.223611111,6.83,6.774166667,6.349444444,1484,1484.125,1484.138889,1483.994444,66,66,66,66,65,65,66,66,3489.694444,3289.083333,3172.833333,3287.833333,3625,3603.305556,3551.861111,3470.222222,0.5,0.5,0,0,1.4,1.4,-0.7,-0.7,124.4944444,123.8694444,152.0783333,151.1819444,152.0191667,151.1280556,124.5988889,123.9705556,3
1.086033495,0.983419206,0.987760306,6.133888889,6.749722222,6.778333333,6.3225,1484.572222,1484.688889,1484.697222,1484.552778,66,66,66,66,65,65,66,66,3490.333333,3254.638889,3171.694444,3304.25,3639.055556,3598.25,3546.916667,3458.888889,0.5,0.5,0,0,1.4,1.4,-0.7,-0.7,124.4425,123.8261111,152.0147222,151.1322222,151.9619444,151.0741667,124.5533333,123.9252778,3
1.089806745,0.985787813,0.992370954,6.159444444,6.768888889,6.812222222,6.3025,1485.002778,1485.108333,1485.125,1484.980556,66,66,66,66,65,65,66,66,3486.333333,3281.222222,3177.222222,3295.944444,3636.666667,3590.166667,3558.805556,3468.388889,0.5,0.5,0,0,1.4,1.4,-0.7,-0.7,124.4075,123.7913889,151.9741667,151.0872222,151.92,151.0269444,124.5169444,123.8894444,3
1.10007393,1.001772406,1.000661616,6.2075,6.823611111,6.816388889,6.191666667,1485.361111,1485.486111,1485.480556,1485.361111,66,66,66,66,65,65,66,66,3482.972222,3275.138889,3181,3290.472222,3648.777778,3591.527778,3554.722222,3463.194444,0.5,0.5,0,0,1.4,1.4,-0.7,-0.7,124.3738889,123.7644444,151.9386111,151.045,151.8830556,150.9886111,124.48,123.8586111,3
1.083159991,0.997326657,1.003106647,6.277777778,6.779444444,6.817222222,6.275,1485.697222,1485.822222,1485.816667,1485.7,66,66,66,66,65,65,66,66,3489.111111,3285.944444,3178.5,3301.083333,3639.055556,3601.444444,3549.472222,3473.833333,0.5,0.5,0,0,1.4,1.4,-0.7,-0.7,124.3547222,123.73,151.8994444,151.0133333,151.8483333,150.9561111,124.455,123.8283333,3
1.093141959,0.990988891,0.996766843,6.758888889,7.415555556,7.456944444,6.846388889,1486.097222,1486.205556,1486.238889,1486.080556,66,66,66,66,65,65,66,66,3463.055556,3224.055556,3151.972222,3278.805556,3627.638889,3583.527778,3542.5,3432.416667,0.5,0.5,0,0,1.4,1.4,-0.7,-0.7,124.3441667,123.6688889,151.9019444,150.9313889,151.8508333,150.8705556,124.4538889,123.7666667,3
1.087989121,1.01169936,1.003970588,7.310555556,7.918611111,7.860555556,7.1925,1486.588889,1486.697222,1486.697222,1486.577778,66,66,66,66,65,65,66,66,3452.694444,3210.611111,3136.055556,3268.527778,3616.111111,3546.611111,3496.444444,3404.277778,0.5,0.5,0,0,1.4,1.4,-0.7,-0.7,124.3255556,123.6080556,151.8913889,150.8458333,151.8311111,150.7941667,124.4275,123.7113889,3
1.085677145,1.01679808,1.000566765,2.371666667,2.571666667,2.532222222,2.329444444,1486.672222,1486.797222,1486.797222,1486.619444,66,66,66,66,65,65,66,66,3523.944444,3476.111111,3284.333333,3325.583333,3735.833333,3702.333333,3644.944444,3598.333333,0.5,0.5,0,0,1.4,1.4,-0.7,-0.7,124.0766667,123.8422222,151.525,151.1913889,151.4688889,151.1369444,124.1794444,123.9477778,3
1.082456777,1.01222789,0.999380901,3.466944444,3.753333333,3.7075,3.425555556,1486.766667,1486.866667,1486.891667,1486.719444,66,66,66,66,65,65,66,66,3532.555556,3422.75,3264.305556,3331.944444,3710.416667,3668.861111,3636.055556,3577.916667,0.5,0.5,0,0,1.4,1.4,-0.7,-0.7,124.1216667,123.7816667,151.5938889,151.1072222,151.5375,151.0502778,124.2255556,123.8875,3
1.092716584,1.00300887,0.989868012,3.389166667,3.740833333,3.693888889,3.414722222,1485.386111,1485.5,1485.508333,1485.341667,66,66,66,66,65,65,66,66,3533.222222,3418.611111,3269.5,3330.805556,3707.805556,3665.805556,3624.861111,3578.027778,0.5,0.5,0,0,1.4,1.4,-0.7,-0.7,124.2347222,123.8983333,151.7344444,151.2452778,151.6780556,151.1919444,124.3425,124.0008333,3
1.086649812,1.013258321,1.000899316,3.431111111,3.723055556,3.679444444,3.381111111,1484.230556,1484.355556,1484.366667,1484.188889,66,66,66,66,65,65,66,66,3533.305556,3415.583333,3274.694444,3337.694444,3711.416667,3671.361111,3629.833333,3574.277778,0.5,0.5,0,0,1.4,1.4,-0.7,-0.7,124.3327778,123.9936111,151.8527778,151.3625,151.7952778,151.3105556,124.4386111,124.0986111,3
1.088666341,1.008219822,0.996964035,3.420833333,3.734166667,3.694166667,3.4025,1483.127778,1483.230556,1483.252778,1483.094444,66,66,66,66,65,65,66,66,3532.166667,3424,3261.222222,3332.416667,3704.444444,3677.444444,3632.277778,3573.888889,0.5,0.5,0,0,1.4,1.4,-0.7,-0.7,124.425,124.0863889,151.9666667,151.4733333,151.9080556,151.4238889,124.5313889,124.1911111,3
1.086211772,1.012706084,1.003569489,3.466944444,3.750555556,3.718055556,3.408888889,1482.125,1482.230556,1482.241667,1482.063889,66,66,66,66,65,65,66,66,3527.527778,3412.638889,3259.222222,3334.5,3701.638889,3682.222222,3606.833333,3553.305556,0.5,0.5,0,0,1.4,1.4,-0.7,-0.7,124.5125,124.1655556,152.0705556,151.5794444,152.0130556,151.5233333,124.6177778,124.2741667,3
1.089062564,1.009396656,1.0008577,3.430277778,3.731111111,3.700833333,3.393888889,1481.25,1481.347222,1481.366667,1481.191667,66,66,66,66,65,65,66,66,3544.027778,3402.972222,3263.222222,3328.638889,3688.722222,3687.583333,3633.083333,3564.638889,0.5,0.5,0,0,1.4,1.4,-0.7,-0.7,124.5852778,124.2433333,152.1588889,151.67,152.1025,151.6147222,124.6919444,124.3455556,3
1.084796872,1.008203262,0.997682098,4.204166667,4.569722222,4.523888889,4.178611111,1481.425,1481.527778,1481.536111,1481.372222,66,66,66,66,65,65,66,66,3534.333333,3379.027778,3240.027778,3329.25,3671.916667,3670.138889,3606.916667,3543.027778,0.5,0.5,0,0,1.4,1.4,-0.7,-0.7,124.6102778,124.1866667,152.1997222,151.5933333,152.1383333,151.5411111,124.7147222,124.2922222,3
1.093459961,1.006879963,1.000670397,5.168055556,5.645555556,5.612222222,5.1275,1481.911111,1482.011111,1482.002778,1481.869444,66,66,66,66,65,65,66,66,3515.555556,3342.527778,3206.361111,3318.166667,3663.194444,3639.305556,3591.583333,3513.166667,0.5,0.5,0,0,1.4,1.4,-0.7,-0.7,124.6208333,124.095,152.2191667,151.4741667,152.1611111,151.4213889,124.7183333,124.2069444,3
1.077839402,1.00633324,0.987727797,5.741666667,6.263888889,6.152222222,5.777777778,1482.458333,1482.561111,1482.538889,1482.416667,66,66,66,66,65,65,66,66,3494.111111,3302.805556,3183.111111,3306.416667,3635.638889,3630.555556,3572.611111,3498.916667,0.5,0.5,0,0,1.4,1.4,-0.7,-0.7,124.6011111,124.0244444,152.2027778,151.3816667,152.1411111,151.3322222,124.7041667,124.1322222,3
1.074095272,1.00416906,0.996778774,6.3125,6.801111111,6.752777778,6.306388889,1483.055556,1483.152778,1483.191667,1483.019444,66,66,66,66,65,65,66,66,3496.388889,3281.25,3170.305556,3298.638889,3627.388889,3576.694444,3558.75,3489.694444,0.5,0.5,0,0,1.4,1.4,-0.7,-0.7,124.5716667,123.9530556,152.1761111,151.2841667,152.1172222,151.2277778,124.6797222,124.0536111,3
1.074259288,1.002649063,0.993831887,6.265277778,6.771666667,6.714166667,6.288333333,1483.463889,1483.552778,1483.555556,1483.416667,66,66,66,66,65,65,66,66,3484.694444,3281.722222,3187.583333,3295.138889,3633.583333,3604.111111,3561.111111,3474.305556,0.5,0.5,0,0,1.4,1.4,-0.7,-0.7,124.5383333,123.9175,152.1319444,151.2452778,152.0769444,151.1933333,124.6444444,124.0213889,3
1.077504809,1.005015152,0.991753233,6.270277778,6.811111111,6.724444444,6.291666667,1483.861111,1483.95,1483.958333,1483.797222,66,66,66,66,65,65,66,66,3497.777778,3296.444444,3177.222222,3287.777778,3634.444444,3586.583333,3560.388889,3478.111111,0.5,0.5,0,0,1.4,1.4,-0.7,-0.7,124.5086111,123.8819444,152.095,151.2019444,152.0386111,151.1480556,124.6116667,123.9880556,3
1.085542971,1.006881077,0.99088423,6.246666667,6.841388889,6.736944444,6.261666667,1484.180556,1484.283333,1484.294444,1484.122222,66,66,66,66,65,65,66,66,3488.888889,3280.527778,3185.722222,3296.805556,3638.444444,3586.583333,3554.861111,3485.694444,0.5,0.5,0,0,1.4,1.4,-0.7,-0.7,124.4780556,123.8577778,152.0619444,151.1677778,151.9997222,151.1183333,124.5852778,123.9611111,3
1.087687648,0.998358384,0.993131751,6.208055556,6.799722222,6.765555556,6.263611111,1484.491667,1484.586111,1484.608333,1484.466667,66,66,66,66,65,65,66,66,3486.305556,3289.055556,3195.138889,3294.361111,3637.222222,3594.527778,3538.333333,3470.611111,0.5,0.5,0,0,1.4,1.4,-0.7,-0.7,124.4563889,123.8297222,152.0313889,151.1377778,151.9702778,151.0822222,124.5555556,123.9355556,3
1.088413747,1.010973375,1.003199828,6.249166667,6.776944444,6.726944444,6.157777778,1484.844444,1484.919444,1484.925,1484.797222,66,66,66,66,65,65,66,66,3489.138889,3268.583333,3180.805556,3276.722222,3632.861111,3596.333333,3544.083333,3482.083333,0.5,0.5,0,0,1.4,1.4,-0.7,-0.7,124.4272222,123.7980556,151.9963889,151.1013889,151.9341667,151.0522222,124.5205556,123.9122222,3
1.071320427,1.007571904,1.011980862,6.949444444,7.355277778,7.386388889,6.810833333,1485.205556,1485.327778,1485.330556,1485.183333,66,66,66,66,65,65,66,66,3489.111111,3273.916667,3155.555556,3274.5,3612.222222,3580.5,3524.416667,3436.5,0.5,0.5,0,0,1.4,1.4,-0.7,-0.7,124.4238889,123.7413889,151.9913889,151.0244444,151.9355556,150.9697222,124.5241667,123.8444444,3
1.076030005,0.99724393,0.998475969,7.352777778,7.924722222,7.934166667,7.385555556,1485.694444,1485.788889,1485.808333,1485.666667,66,66,66,66,65,65,66,66,3460.305556,3228.416667,3147.277778,3277.777778,3606,3562.805556,3494.194444,3421.583333,0.5,0.5,0,0,1.4,1.4,-0.7,-0.7,124.4088889,123.6725,151.9811111,150.9411111,151.9205556,150.8844444,124.5108333,123.7797222,3
1.106463422,1.006402195,1.007664588,2.331388889,2.559166667,2.562222222,2.297222222,1481.244444,1481.386111,1481.430556,1481.305556,66,66,66,66,65,65,66,66,3551.805556,3465.333333,3409.388889,3484.055556,3726,3710.916667,3561.166667,3525.222222,0.6,0.6,0.4,0.4,1.5,1.5,-0.9,-0.9,124.5302778,124.2972222,152.0791667,151.7436111,152.0188889,151.6825,124.6238889,124.3963889,3
1.112760005,1.004153926,1.004153926,2.293611111,2.541111111,2.541111111,2.273611111,1481.430556,1481.547222,1481.608333,1481.480556,66,66,66,66,65,65,66,66,3560.527778,3472.916667,3409.194444,3451.805556,3710.638889,3733,3558.694444,3530.944444,0.6,0.6,0.4,0.4,1.5,1.5,-0.9,-0.9,124.5130556,124.2838889,152.0622222,151.7241667,151.9997222,151.6655556,124.6088889,124.3816667,3
1.106065656,1.006987177,0.992904167,3.333611111,3.712222222,3.662777778,3.334166667,1481.702778,1481.844444,1481.905556,1481.758333,66,66,66,66,65,65,66,66,3552.75,3426.305556,3390.222222,3474.833333,3710.777778,3686.583333,3552.777778,3483.861111,0.6,0.6,0.4,0.4,1.5,1.5,-0.9,-0.9,124.5425,124.2072222,152.1075,151.6225,152.0461111,151.5597222,124.6363889,124.3041667,3
1.10845611,1.003058104,0.986778145,3.347222222,3.759444444,3.701388889,3.383611111,1481.858333,1482.002778,1482.044444,1481.905556,66,66,66,66,65,65,66,66,3556.888889,3437.444444,3376.416667,3458.222222,3705.916667,3707.25,3551.138889,3495.777778,0.6,0.6,0.4,0.4,1.5,1.5,-0.9,-0.9,124.5266667,124.1972222,152.0922222,151.6005556,152.0316667,151.5444444,124.6269444,124.2886111,3
1.104862843,1.027828942,0.994682737,3.380555556,3.749722222,3.634444444,3.302777778,1482.008333,1482.152778,1482.202778,1482.052778,66,66,66,66,65,65,66,66,3544.5,3431.805556,3379.972222,3461.25,3718.861111,3681.888889,3555.472222,3507.472222,0.6,0.6,0.4,0.4,1.5,1.5,-0.9,-0.9,124.5180556,124.1802778,152.0811111,151.5847222,152.0130556,151.5308333,124.6116667,124.2797222,3
1.102978441,1.005585928,0.996568859,3.347222222,3.703611111,3.671944444,3.339722222,1482.127778,1482.275,1482.352778,1482.202778,66,66,66,66,65,65,66,66,3560.027778,3450.083333,3387.416667,3464.5,3709.861111,3695.861111,3562.694444,3488.083333,0.6,0.6,0.4,0.4,1.5,1.5,-0.9,-0.9,124.5083333,124.17,152.0625,151.5758333,151.9991667,151.5158333,124.5988889,124.2694444,3
1.109692056,1.009805491,1.005311077,3.332222222,3.676388889,3.660833333,3.279722222,1482.266667,1482.408333,1482.447222,1482.316667,66,66,66,66,65,65,66,66,3547.111111,3437.777778,3388.194444,3464.611111,3709.361111,3706.555556,3544,3506,0.6,0.6,0.4,0.4,1.5,1.5,-0.9,-0.9,124.4955556,124.1625,152.0486111,151.5638889,151.9891667,151.5080556,124.5891667,124.2594444,3
1.117548138,1.008533716,0.990279369,3.301388889,3.723888889,3.66,3.305833333,1482.386111,1482.527778,1482.583333,1482.463889,66,66,66,66,65,65,66,66,3549.888889,3418.916667,3370.194444,3466.472222,3717.611111,3677.444444,3548.75,3488.166667,0.6,0.6,0.4,0.4,1.5,1.5,-0.9,-0.9,124.485,124.1516667,152.0408333,151.5497222,151.9738889,151.4938889,124.5783333,124.2461111,3
1.107598744,1.008342621,1.004385547,4.184166667,4.612222222,4.595,4.128611111,1482.627778,1482.75,1482.797222,1482.680556,66,66,66,66,65,65,66,66,3558.472222,3397.888889,3360.638889,3455.916667,3686.777778,3659.611111,3543.388889,3479.527778,0.6,0.6,0.4,0.4,1.5,1.5,-0.9,-0.9,124.5063889,124.0902778,152.0744444,151.4691667,152.0155556,151.4058333,124.6019444,124.1891667,3
1.105628081,0.997841394,0.99507288,5.108888889,5.677222222,5.662222222,5.147222222,1482.883333,1483.027778,1483.1,1482.966667,66,66,66,66,65,65,66,66,3524.055556,3347.888889,3323.472222,3425.222222,3673.055556,3634.388889,3515.75,3424.083333,0.6,0.6,0.4,0.4,1.5,1.5,-0.9,-0.9,124.5294444,124.0216667,152.1152778,151.3705556,152.0525,151.3080556,124.6266667,124.1119444,3
1.10947865,1.01871532,0.998138236,5.702777778,6.332777778,6.211111111,5.603333333,1483.227778,1483.344444,1483.419444,1483.277778,66,66,66,66,65,65,66,66,3514.888889,3323.611111,3303.944444,3413.805556,3650.694444,3632.888889,3490.805556,3403.361111,0.6,0.6,0.4,0.4,1.5,1.5,-0.9,-0.9,124.5305556,123.9627778,152.1272222,151.2938889,152.0613889,151.2377778,124.6211111,124.0636111,3
1.103710646,0.999363814,0.999406214,6.220555556,6.87,6.870277778,6.228611111,1483.622222,1483.75,1483.808333,1483.713889,66,66,66,66,65,65,66,66,3495.444444,3260.833333,3280.333333,3396.333333,3618.277778,3586.777778,3465.638889,3392.138889,0.6,0.6,0.4,0.4,1.5,1.5,-0.9,-0.9,124.5277778,123.9002778,152.1202778,151.2155556,152.0563889,151.1572222,124.6180556,123.9994444,3
1.1133243,1.009405196,1.003554147,6.191944444,6.865833333,6.828055556,6.108055556,1483.938889,1484.075,1484.136111,1484.016667,66,66,66,66,65,65,66,66,3495.666667,3306.555556,3278.583333,3405.944444,3639.305556,3582.25,3478.916667,3387.944444,0.6,0.6,0.4,0.4,1.5,1.5,-0.9,-0.9,124.4980556,123.88,152.0866667,151.1875,152.0269444,151.1286111,124.5827778,123.9825,3
1.091176602,1.005087209,0.990704979,6.216388889,6.845277778,6.751388889,6.244166667,1484.152778,1484.275,1484.325,1484.219444,66,66,66,66,65,65,66,66,3491.25,3284.888889,3289.305556,3413.138889,3614.722222,3594.75,3477.472222,3404.666667,0.6,0.6,0.4,0.4,1.5,1.5,-0.9,-0.9,124.4783333,123.8586111,152.0688889,151.1625,152.0005556,151.1097222,124.5727778,123.9594444,3
1.107885683,1.011328527,1.002777362,6.2225,6.870833333,6.815555556,6.131111111,1484.386111,1484.497222,1484.583333,1484.438889,66,66,66,66,65,65,66,66,3491.166667,3288.527778,3292.333333,3406.75,3632.388889,3593.611111,3459.027778,3408.166667,0.6,0.6,0.4,0.4,1.5,1.5,-0.9,-0.9,124.455,123.8452778,152.0425,151.1405556,151.9777778,151.0836111,124.5527778,123.9408333,3
1.09971179,1.007197471,1.007883605,6.265555556,6.834166667,6.838611111,6.1675,1484.605556,1484.705556,1484.772222,1484.680556,66,66,66,66,65,65,66,66,3506.25,3296.527778,3283.944444,3392.25,3630.861111,3581.305556,3482.833333,3400.75,0.6,0.6,0.4,0.4,1.5,1.5,-0.9,-0.9,124.4377778,123.8230556,152.0166667,151.1213889,151.9572222,151.0586111,124.535,123.9241667,3
1.11968781,1.010655597,0.998256284,6.186111111,6.934444444,6.853888889,6.128333333,1484.875,1484.980556,1485.044444,1484.919444,66,66,66,66,65,65,66,66,3500.111111,3277.277778,3298.472222,3408.611111,3621.5,3587.416667,3471.416667,3375.805556,0.6,0.6,0.4,0.4,1.5,1.5,-0.9,-0.9,124.4147222,123.8033333,151.9980556,151.09,151.9272222,151.0355556,124.5097222,123.9030556,3
1.110917429,1.019034576,1.000058985,6.759722222,7.501666667,7.368888889,6.626111111,1485.219444,1485.341667,1485.394444,1485.280556,65.52777778,65.52777778,66,66,65,65,66,66,3587.638889,3367.805556,3262.194444,3389.555556,3620.944444,3574.833333,3431.333333,3372.25,0.836111111,0.836111111,0.4,0.4,1.5,1.5,-0.9,-0.9,124.4138889,123.7508333,151.9969444,151.0191667,151.9277778,150.9641667,124.5044444,123.85,3
1.114357634,1.001869947,0.979335847,7.100833333,8.079444444,7.906944444,7.245,1485.65,1485.761111,1485.816667,1485.727778,65,65,66,66,65,65,66,66,3690.722222,3430.777778,3233.25,3366.277778,3596.944444,3544.083333,3417.805556,3317.444444,1.1,1.1,0.4,0.4,1.5,1.5,-0.9,-0.9,124.3977778,123.6877778,151.9919444,150.9336111,151.9227778,150.8788889,124.4938889,123.7825,3
2.53337931,2.178682219,2.134728341,2.310555556,2.566666667,2.535277778,-0.296666667,1480.272222,1480.377778,1480.4,1579.625,66,66,66,66,66,66,55,55,3454.833333,3367.638889,3219.111111,3276.361111,3484.611111,3479.472222,1519.527778,1514.833333,0.3,0.3,-0.1,-0.1,0.9,0.9,44.93333333,44.93333333,124.6119444,124.3788889,152.1827778,151.8447222,152.125,151.7902778,116.7472222,116.7722222,4
2.190605911,2.020081263,1.961989424,3.460833333,3.720555556,3.650833333,-0.095833333,1480.969444,1481.3,1481.319444,1578.1,66,66,66,66,66,66,55,55,3453.833333,3324.25,3196.888889,3272.861111,3461.805556,3458.944444,1628.444444,1691.888889,0.3,0.3,-0.1,-0.1,0.9,0.9,44.9,44.9,124.6083333,124.265,152.165,151.6727778,152.1058333,151.6225,116.8116667,116.8805556,4
2.441309359,2.166016288,2.115795625,3.388888889,3.703611111,3.650833333,-0.376388889,1481.925,1482.036111,1482.055556,1579.630556,66,66,66,66,66,66,55,55,3454.027778,3336.166667,3190.166667,3273.916667,3478.861111,3453.444444,1675,1726.472222,0.3,0.3,-0.1,-0.1,0.9,0.9,44.9,44.9,124.5258333,124.1872222,152.0897222,151.6002778,152.0277778,151.5463889,116.7444444,116.7758333,4
2.074648871,1.82275415,1.812335865,3.386666667,3.720555556,3.706111111,0.193055556,1482.655556,1482.777778,1482.788889,1579.619444,66,66,66,66,66,66,55,55,3452.666667,3330.583333,3209.138889,3267.972222,3476.75,3461.861111,1626.416667,1746.611111,0.3,0.3,-0.1,-0.1,0.9,0.9,44.9,44.9,124.4644444,124.1244444,152.0125,151.5222222,151.9538889,151.4702778,116.7691667,116.7513889,4
2.049777232,1.851540616,1.82999501,3.44,3.720833333,3.691388889,0.176111111,1483.675,1483.788889,1483.791667,1587.341667,66,66,66,66,66,66,55,55,3460.861111,3340.333333,3198.805556,3267.75,3474.25,3450.694444,1584.138889,1676.527778,0.3,0.3,-0.1,-0.1,0.9,0.9,44.4,44.4,124.3819444,124.0405556,151.9088889,151.4222222,151.8522222,151.3666667,116.7677778,115.705,4
2.071384425,1.83384418,1.820574672,3.413333333,3.733055556,3.714722222,0.182222222,1483.713889,1483.836111,1483.841667,1610.525,66,66,66,66,66,66,55,55,3461.583333,3346.25,3203.388889,3257.777778,3480.472222,3450.833333,1580.805556,1694.138889,0.3,0.3,-0.1,-0.1,0.9,0.9,44.4,44.4,124.3736111,124.0377778,151.9036111,151.4169444,151.8502778,151.3594444,116.7697222,113.0775,4
2.047681104,1.852622516,1.825456613,3.443611111,3.728611111,3.691388889,0.18,1483.769444,1483.880556,1483.891667,1579.677778,66,66,66,66,66,66,55,55,3453.611111,3342.222222,3205.722222,3254.833333,3469.361111,3454.305556,1585.777778,1681.333333,0.3,0.3,-0.1,-0.1,0.9,0.9,44.4,44.4,124.3713889,124.0311111,151.9002778,151.4111111,151.8425,151.3569444,116.7638889,116.7497222,4
2.085114432,1.848419582,1.821484172,4.204444444,4.616111111,4.570555556,0.201388889,1483.991667,1484.066667,1484.088889,1650.152778,66,66,66,66,66,66,55,55,3448.888889,3306.472222,3178.666667,3261.25,3462.222222,3430.416667,1535.138889,1708.444444,0.3,0.3,-0.1,-0.1,0.9,0.9,44.4,44.4,124.3958333,123.9738889,151.9383333,151.3338889,151.8783333,151.2808333,116.7669444,104.7422222,4
2.064359441,1.838316618,1.836987071,5.228055556,5.668055556,5.665277778,0.261944444,1484.166667,1484.255556,1484.266667,1579.708333,66,66,66,66,66,66,55,55,3437.027778,3266.805556,3162.083333,3253.611111,3441.388889,3401.833333,1553.361111,1673.361111,0.3,0.3,-0.1,-0.1,0.9,0.9,44.4,44.4,124.4280556,123.9102778,151.9883333,151.2461111,151.9313889,151.1897222,116.7652778,116.7419444,4
2.312169584,2.079209811,2.044058682,5.813611111,6.290277778,6.223055556,-0.401666667,1484.425,1484.525,1484.555556,1572.475,66,66,66,66,66,66,55,55,3432.222222,3241.083333,3137.666667,3239.055556,3438.361111,3380.722222,1517.666667,1698.25,0.3,0.3,-0.1,-0.1,0.9,0.9,44.4,44.4,124.4358333,123.8547222,152.0011111,151.1769444,151.9422222,151.1227778,117.2202778,117.1941667,4
3.325141648,2.936319583,2.86429617,6.321666667,6.806944444,6.723611111,-2.2525,1484.805556,1484.911111,1484.916667,1559.563889,66,66,66,66,66,66,55,55,3411.388889,3198.611111,3111.194444,3230.833333,3407.5,3381.527778,1490.944444,1658.444444,0.3,0.3,-0.1,-0.1,0.9,0.9,44.4,44.4,124.4305556,123.8019444,151.9977778,151.1030556,151.9352778,151.0541667,118.1497222,118.2561111,4
2.463188936,2.153133969,2.141210109,6.18,6.74,6.717222222,-0.716666667,1485.069444,1485.183333,1485.180556,1569.891667,66,66,66,66,66,66,55,55,3411.916667,3205.583333,3123,3230.166667,3419.75,3369.972222,1571.388889,1646.333333,0.3,0.3,-0.1,-0.1,0.9,0.9,44.4,44.4,124.4052778,123.7808333,151.9630556,151.0836111,151.9077778,151.0280556,117.4072222,117.5247222,4
2.108094017,1.878948851,1.866031008,6.214722222,6.754722222,6.723611111,0.178888889,1485.391667,1485.483333,1485.472222,1579.591667,66,66,66,66,66,66,55,55,3421.777778,3207.25,3115.527778,3227.555556,3417.388889,3381.722222,1653.472222,1604.472222,0.3,0.3,-0.1,-0.1,0.9,0.9,44.4,44.4,124.3747222,123.7575,151.9355556,151.0516667,151.8816667,150.9952778,116.7713889,116.7527778,4
1.915295046,1.735113317,1.719403535,6.254166667,6.761111111,6.717777778,0.783333333,1485.633333,1485.733333,1485.769444,1579.827778,66,66,66,66,66,66,55,55,3403.333333,3206.25,3123.833333,3237.416667,3418.138889,3381.25,1636.583333,1495.388889,0.3,0.3,-0.1,-0.1,0.9,0.9,44.4,44.4,124.3563889,123.7330556,151.9102778,151.0238889,151.8511111,150.9697222,116.7772222,116.73,4
2.044647751,1.855516014,1.829891453,6.2675,6.7675,6.703888889,0.321111111,1485.972222,1486.083333,1486.097222,1562.675,66,66,66,66,66,66,55,55,3416.972222,3203.305556,3126.111111,3223.138889,3417.444444,3385.305556,1552.638889,1545.388889,0.3,0.3,-0.1,-0.1,0.9,0.9,44.4,44.4,124.3263889,123.7080556,151.8716667,150.9869444,151.8161111,150.9341667,117.8930556,117.8563889,4
2.009396084,1.844667032,1.824882465,6.328888889,6.767222222,6.7175,0.381944444,1486.216667,1486.35,1486.330556,1597.186111,66,66,66,66,66,66,55,55,3417.722222,3218.75,3113.111111,3237.194444,3425.277778,3386.416667,1493.194444,1536.777778,0.3,0.3,-0.1,-0.1,0.9,0.9,44.4,44.4,124.31,123.685,151.8505556,150.9594444,151.7886111,150.9122222,116.9486111,114.2577778,4
1.868748009,1.690379764,1.687346641,6.8075,7.337222222,7.327777778,1.04,1486.658333,1486.761111,1486.758333,1718.016667,66,66,66,66,66,66,55,55,3402,3172.055556,3115.194444,3215.055556,3409.75,3376.361111,1580.666667,1513.972222,0.3,0.3,-0.1,-0.1,0.9,0.9,44.4,44.4,124.3005556,123.6180556,151.8452778,150.8802778,151.7855556,150.8233333,116.7872222,97.91472222,4
1.306285178,1.189327897,1.194522093,6.762222222,7.335277778,7.363333333,4.49,1486.952778,1487.052778,1487.061111,1705.583333,66,66,66,66,65.36111111,65.36111111,55,55,3392.055556,3177.277778,3099.888889,3220.861111,3527.361111,3478.527778,1589.388889,1577.777778,0.3,0.3,-0.1,-0.1,1.219444444,1.219444444,44.4,44.4,124.2727778,123.5991667,151.8136111,150.8522222,151.7577778,150.7944444,117.6358333,98.71583333,4
3.437819626,3.067776981,2.928681758,7.426944444,8.025277778,7.846944444,-2.81,1487.344444,1487.452778,1487.455556,1699.883333,66,66,66,66,65,65,55,55,3398.916667,3163,3070.472222,3212.194444,3573.138889,3539.861111,1571.833333,1493.916667,0.3,0.3,-0.1,-0.1,1.4,1.4,44.4,44.4,124.2694444,123.5388889,151.8161111,150.7663889,151.7516667,150.7183333,117.5788889,99.02861111,4
2.017136415,1.779601163,1.751027961,3.390833333,3.748333333,3.706666667,0.305,1487.436111,1487.547222,1487.575,1672.355556,66,66,66,66,65,65,55,55,3463.138889,3339.5,3204.111111,3263.5,3670.722222,3640.138889,1661.222222,1598.805556,0.3,0.3,-0.1,-0.1,1.4,1.4,44.4,44.4,124.0663889,123.7247222,151.5277778,151.0358333,151.4661111,150.9858333,116.785,104.9366667,4
2.055846422,1.970943796,1.763464194,2.446666667,2.716111111,2.519444444,0.1,1499.963889,1490.025,1496.933333,1768.158333,57,57,61,61,56,56,55,55,3354.333333,2880.916667,3545.527778,3607.527778,2134.166667,3118.611111,1585.305556,1505.222222,39.6,39.6,25.1,25.1,42,42,45.1,45.1,122.9797222,122.7413889,151.2083333,150.8533333,150.4416667,150.1147222,99.99666667,107.3813889,4
2.041057916,1.968985444,1.840179134,3.6075,3.869722222,3.6975,0.1,1500.838889,1490.966667,1497.777778,1689.547222,57,57,61,61,56,56,55,55,3457.527778,2770,3459.555556,3518.527778,2261.472222,2603.805556,1540.972222,1550.138889,39.6,39.6,24.7,24.7,42,42,45.1,45.1,122.9627778,122.6152778,151.1866667,150.6825,150.4338889,149.9544444,99.67944444,118.6452778,4
1.880840476,1.83865695,1.773674053,3.671944444,3.827222222,3.731666667,0.346944444,1501.316667,1491.425,1498.219444,1616.502778,57,57,61,61,56,56,55,55,3469.694444,2957.388889,3497.888889,3539.361111,2140.388889,2438.055556,1664.972222,1554.861111,39.6,39.6,24.7,24.7,41.55833333,41.55833333,44.95555556,44.95555556,122.9266667,122.5722222,151.1377778,150.6402778,150.39,149.9108333,109.8269444,118.7797222,4
2.082620867,2.021805236,1.946200014,3.701111111,3.871111111,3.775,-0.029722222,1501.963889,1492.075,1498.822222,1556.697222,57,57,61,61,56,56,55,55,3493.25,3075.916667,3477.194444,3569.222222,2189.527778,2712.833333,1470.361111,1335.833333,39.6,39.6,24.7,24.7,41.23333333,41.23333333,44.2,44.2,122.8772222,122.5194444,151.0736111,150.57,150.3330556,149.8466667,118.7008333,118.7047222,4
2.074329444,2.006223605,1.96948185,3.696111111,3.825555556,3.779166667,-0.03,1502.411111,1492.591667,1499.236111,1732.713889,57,57,61,61,56,56,55,55,3307.277778,3006.222222,3492.694444,3624.083333,2309.722222,2641.861111,1557.583333,1452.972222,39.1,39.1,24.7,24.7,40.32222222,40.32222222,44.2,44.2,122.8375,122.4841667,151.0197222,150.5225,150.2902778,149.8041667,111.9738889,100.9416667,4
1.997731099,1.948103361,1.842331714,3.655277778,3.862777778,3.719166667,0.14,1502.883333,1493.102778,1499.633333,1688.944444,57,57,61,61,56,56,55,55,3187.25,3269.25,3525.722222,3672.944444,2503.944444,2749.388889,1558.194444,1559.388889,39.1,39.1,24.7,24.7,40.2,40.2,44.2,44.2,122.8005556,122.4444444,150.9716667,150.4669444,150.2502778,149.7669444,99.74916667,118.6572222,4
2.064540565,1.9982213,1.920306071,3.654166667,3.835277778,3.735277778,0.012777778,1503.141667,1493.383333,1499.844444,1688.030556,57,57,61,61,56,56,55,55,3125.5,3377.333333,3533.333333,3673.472222,2631.5,2845.777778,1507.916667,1635.916667,39.1,39.1,24.7,24.7,40.2,40.2,44.2,44.2,122.7808333,122.4227778,150.9352778,150.4430556,150.2275,149.7455556,99.78972222,118.7263889,4
2.23649782,2.094886765,1.992555831,4.366388889,4.703888889,4.555833333,-0.226111111,1503.358333,1493.594444,1500.044444,1610.036111,57,57,61,61,56,56,55,55,2925,3191.583333,3521.222222,3693.472222,2514.861111,2932.833333,1567.972222,1741.416667,38.7,38.7,24.7,24.7,40.2,40.2,44.2,44.2,122.7980556,122.3705556,150.9736111,150.3638889,150.2605556,149.6761111,111.3305556,118.7011111,4
2.129918033,2.056175279,1.963092294,5.556388889,5.861666667,5.687222222,-0.134166667,1509.736111,1493.733333,1500.213889,1557.780556,58,58,61,61,57,57,55,55,3086.777778,3097.444444,3479.444444,3742.5,2089,2678.944444,1617.138889,1801.277778,37.7,37.7,24.7,24.7,39.7,39.7,44.2,44.2,122.3302778,121.7977778,151.0355556,150.2747222,150.3166667,149.5827778,118.6744444,118.6861111,4
2.10743649,2.015914287,1.902705268,6.033611111,6.457777778,6.216111111,-0.019722222,1509.916667,1493.95,1500.397222,1554.644444,58,58,61,61,57,57,55,55,3047.611111,2995.638889,3432.666667,3754.861111,2067.638889,2448.444444,1583.833333,1603.694444,37.325,37.325,24.7,24.7,39.7,39.7,44.2,44.2,122.3402778,121.7622222,151.0494444,150.2169444,150.3319444,149.5330556,118.6358333,118.6355556,4
3.839182414,3.673022494,3.314103005,6.63,7.068333333,6.758055556,-3.028611111,1510.125,1494.163889,1500.613889,1553.075,58,58,61,61,57,57,55,55,3002.694444,2901.861111,3432.833333,3803.944444,2082.861111,2168.638889,1714.777778,1621.75,37.2,37.2,24.7,24.7,39.7,39.7,44.7,44.7,122.3675,121.7308333,151.0705556,150.1538889,150.3461111,149.4702778,118.6255556,118.8780556,4
3.667179374,3.403054174,3.214351852,6.636388889,7.043888889,6.863888889,-2.843888889,1510.372222,1494.5,1500.936111,1688.655556,57,57,61,61,57,57,55,55,2655.555556,2599.666667,3428.638889,3848.5,2175.555556,1933,1617.888889,1579,38.7,38.7,24.7,24.7,39.3,39.3,44.7,44.7,122.3313889,121.6988889,151.0338889,150.1177778,150.3183333,149.4391667,118.59,99.85611111,4
3.623500506,3.43504783,3.190463715,6.683888889,7.081111111,6.847222222,-2.84,1510.494444,1494.686111,1501.105556,1718.188889,57,57,61,61,57,57,55,55,2580.111111,2600.083333,3433.722222,3848.361111,2256.388889,1790.694444,1604.388889,1552.583333,38.7,38.7,24.7,24.7,39.3,39.3,44.66666667,44.66666667,122.3269444,121.6861111,151.0183333,150.1025,150.3036111,149.4208333,116.7658333,97.91555556,4
3.660135975,3.428958522,3.186654407,6.639722222,7.069444444,6.838055556,-2.84,1510.625,1494.852778,1501.208333,1718.261111,57,57,61,61,57,57,55,55,2573.416667,2569.222222,3433.388889,3859.472222,2329.916667,1792,1543.833333,1573.055556,38.7,38.7,24.7,24.7,39.3,39.3,44.3,44.3,122.3091667,121.6825,151.0013889,150.0838889,150.2913889,149.4125,116.7694444,97.90944444,4
3.664206912,3.38364348,3.216300112,6.641944444,7.045833333,6.885277778,-2.84,1510.636111,1495.013889,1501.372222,1718.194444,57,57,61,61,57,57,55,55,2573.194444,2546.416667,3447.555556,3882.555556,2408,1768.305556,1615.361111,1682.416667,38.7,38.7,24.7,24.7,39.3,39.3,44.3,44.3,122.3094444,121.6780556,150.9841667,150.0658333,150.275,149.3947222,116.7611111,97.92138889,4
3.654557368,3.393554151,3.206526745,6.655555556,7.061944444,6.882222222,-2.84,1510.644444,1495.15,1501.497222,1719.722222,57,57,61,61,57,57,55,55,2551.694444,2567.666667,3452.833333,3891.388889,2485.416667,1758.083333,1637.777778,1739.5,38.7,38.7,24.7,24.7,39.3,39.3,44.3,44.3,122.3105556,121.6755556,150.9691667,150.0541667,150.2641667,149.3836111,116.75,97.80916667,4
3.5793983,3.164822746,3.008185929,7.087222222,7.6925,7.51,-2.84,1511.097222,1495.402778,1501.772222,1714.952778,57,57,61,61,57,57,55,55,2757.861111,2736.75,3429.361111,3909.222222,2521.805556,1819.166667,1683.472222,1867.972222,39.1,39.1,24.7,24.7,39.3,39.3,44.7,44.7,122.2997222,121.6113889,150.9847222,149.9938889,150.2769444,149.3147222,117.0825,98.17666667,4
1.982655081,1.857914363,1.830165855,7.804166667,8.250277778,8.165555556,0.475555556,1511.394444,1495.713889,1502.069444,1564.475,57,57,61,61,57,57,55,55,2684.472222,2854.472222,3414,3935.833333,2457.222222,1865.472222,1683.055556,1869.861111,39.1,39.1,24.7,24.7,39.3,39.3,44.48888889,44.48888889,122.305,121.5583333,150.9925,149.9236111,150.2886111,149.2463889,118.6902778,117.4925,4
1.902829547,1.840771402,1.79432779,7.893888889,8.226666667,8.081111111,0.676388889,1511.636111,1495.961111,1502.288889,1554.475,57,57,61,61,57,57,55,55,2698.444444,2984.916667,3394,3948.388889,2379.222222,1799.527778,1652,1722.555556,39.1,39.1,24.7,24.7,38.91111111,38.91111111,44.02222222,44.02222222,122.285,121.5416667,150.9588889,149.9030556,150.2597222,149.2283333,118.6697222,118.6261111,4
0.000969932,-2.057377049,-2.275648949,-0.534444444,-0.023333333,0.023055556,0.248055556,1487.083333,1423.466667,1464.513889,1563.386111,55,55,55,55,55,55,55,55,1732.333333,1752.416667,1863.027778,2012.361111,2039.916667,1936.388889,1816.805556,1887.583333,46.91111111,46.91111111,44.2,44.2,44.68888889,44.68888889,45,45,119.7175,127.1219444,155.2213889,160.7372222,154.1894444,153.0422222,118.0536111,118.0369444,4
5.722139673,-37.7804878,0.312064965,-0.26,-1.030833333,-0.038888889,0.073055556,1552.372222,1452.802778,1462.563889,1552.222222,55,55,55,55,55,55,55,55,1681.666667,1767.666667,1824.055556,1866.25,1954.638889,1798,1764.833333,1823.888889,46.4,46.4,44.2,44.2,44.8,44.8,45,45,111.8044444,126.9355556,153.1236111,157.6513889,154.1983333,153.4391667,118.8291667,118.8227778,4
1.453358209,5.709183673,0.828929068,-0.26,-0.361666667,-0.071111111,-0.037777778,1497.872222,1462.15,1458.758333,1551.788889,55,55,55,55,55,55,55,55,1761.222222,1815.805556,1795.555556,1800.944444,1919.583333,1827.111111,1791.388889,1806.5,46.4,46.4,44.2,44.2,44.8,44.8,45,45,119.4786111,127.1755556,153.8913889,153.9430556,154.2069444,154.2166667,118.8583333,118.8594444,4
5.911308204,11.1916558,0.159454433,-0.26,-2.124444444,-0.097222222,-0.115833333,1491.1,1506.755556,1458.702778,1552.094444,55,55,55,55,55,55,55,55,1779.694444,1873.111111,1805.222222,1781.888889,1914.777778,1920.305556,1746.416667,1767.944444,46.4,46.4,44.2,44.2,44.8,44.8,44.81111111,44.81111111,120.8955556,126.3805556,145.5063889,153.4088889,154.2108333,154.2252778,118.8261111,118.8358333,4
0.34128562,0.905838041,2.378964942,-0.26,-0.007222222,-0.135833333,-0.159166667,1492.172222,1486.336111,1458.788889,1552.691667,55,55,55,55,55,55,55,55,1743.138889,1867.027778,1877.611111,1797.5,1971.527778,1906.805556,1767.972222,1754.861111,46.4,46.4,44.2,44.2,44.8,44.8,44.6,44.6,120.7633333,126.2394444,148.3069444,154.1691667,154.2,154.2188889,118.7775,118.7922222,4
-2.474166122,-0.635334088,-1.62890625,-0.26,-0.830833333,1.881666667,-0.164722222,1475.652778,1523.722222,1463.113889,1554.061111,55,55,55,55,55,55,55,55,1650.333333,1749.833333,1873.555556,1872.222222,1892.055556,1972.944444,1773.194444,1708.111111,46.4,46.4,44.2,44.2,44.8,44.8,44.6,44.6,122.1208333,127.4738889,140.9022222,154.3119444,153.6241667,153.9888889,118.6736111,118.6925,4
2.117979395,10.44146341,0.451198763,-0.709166667,-1.669166667,-0.101111111,-0.126666667,1472.986111,1481.625,1469.966667,1554.063889,55,55,55,55,55,55,55,55,1633.388889,1680.222222,1823.388889,1842.833333,1896.583333,2085.666667,1790.888889,1738.222222,46.33055556,46.33055556,44.2,44.2,44.8,44.8,44.6,44.6,122.5911111,127.7069444,147.5305556,156.2436111,152.6694444,153.0772222,118.6205556,118.6308333,4
4.593220339,5.153846154,0.12324493,-0.138611111,-1.703888889,-0.102777778,-0.254722222,1513.505556,1507.080556,1494.355556,1567.686111,55,55,55,55,55,55,55,55,1556.694444,1555.25,1781.333333,1886.944444,1968.166667,1943.805556,1771.861111,1724.166667,45.9,45.9,44.2,44.2,44.8,44.8,44.6,44.6,121.2661111,122.2441667,145.0811111,155.03,147.68,153.6225,117.8663889,117.8802778,4
0.173767673,0.21425042,0.098033959,-0.200833333,-0.401388889,-0.103888889,-2.706944444,1521.897222,1474.4,1500.705556,1555.538889,55,55,55,55,55,55,55,55,1569.472222,1627.333333,1788.111111,1969.111111,1953.583333,1929.722222,1723.361111,1711.361111,45.9,45.9,44.2,44.2,44.8,44.8,44.6,44.6,121.0822222,121.0591667,151.4019444,154.0347222,147.8713889,151.5952778,118.4594444,118.6311111,4
0.049026742,0.115592958,0.134579439,-0.281111111,-0.050833333,-0.098888889,-2.772777778,1518.072222,1439.802778,1512.719444,1554.647222,55,55,55,55,55,55,55,55,1605.111111,1723.361111,1760.444444,2026.527778,2007.722222,1993.944444,1627.805556,1641.333333,45.9,45.9,44.2,44.2,44.8,44.8,44.16944444,44.16944444,121.2988889,121.3702778,158.3911111,154.2486111,149.02,148.2663889,118.5697222,118.8075,4
-0.053055556,0.09944098,0.143831786,-0.386666667,0.129722222,0.029444444,-2.613333333,1487.083333,1422.211111,1484.836111,1552.894444,55,55,55,55,55,55,55,55,1729.027778,1937.25,1759.444444,2111.194444,2067.277778,2053.972222,1591.222222,1618.805556,46.4,46.4,44.2,44.2,44.8,44.8,44.1,44.1,125.5525,122.3183333,161.1741667,155.3063889,149.2172222,153.6261111,118.6383333,118.8727778,4
0.008930988,0.914347335,1.184204359,-2.617222222,0.144166667,-0.19,-2.514722222,1476.855556,1413.877778,1506.325,1551.755556,55,55,55,55,55,55,55,55,1785.916667,1816.722222,1777.138889,2005.083333,2057.027778,2041.111111,1619.138889,1547.777778,46.4,46.4,44.2,44.2,44.8,44.8,44.1,44.1,127.2936111,122.4161111,161.1702778,157.195,148.5986111,150.2805556,118.7522222,118.9863889,4
